eco	name	pgn	playercount	win	draw	loss
C00	French Defense	1. e4 e6	466240381	48.05	3.91	48.04
C00	French Defense	1. e4 e6 2. d4 d5	146287198	47.88	4.43	47.69
C00	French Defense: Banzai-Leong Gambit, Pinova Gambit	1. e4 e6 2. b4 Bxb4 3. e5	191	39.79	5.76	54.45
C00	French Defense: Carlson Gambit	1. e4 e6 2. d4 d5 3. Nf3 dxe4 4. Ne5	838157	45.05	3.27	51.68
C00	French Defense: Diemer-Duhm Gambit	1. e4 e6 2. d4 d5 3. c4	918127	49.39	3.42	47.19
C00	French Defense: Diemer-Duhm Gambit Accepted	1. e4 e6 2. d4 d5 3. c4 dxe4	796689	47.72	3.48	48.8
C00	French Defense: Franco-Hiva Gambit Accepted	1. e4 e6 2. d4 f5 3. exf5	365755	53.08	3.75	43.17
C00	French Defense: Franco-Sicilian Defense	1. e4 e6 2. d4 c5	14794964	49.39	3.33	47.28
C00	French Defense: Hoffmann Gambit	1. e4 e6 2. d4 d5 3. Qe2 e5 4. f4 exf4	3	33.33	33.33	33.33
C00	French Defense: Horwitz Attack, Papa-Ticulat Gambit	1. e4 e6 2. b3 d5 3. Bb2	1270539	51.82	4.01	44.17
C00	French Defense: King's Indian Attack	1. e4 e6 2. d3	16780225	48.6	4.01	47.39
C00	French Defense: Knight Variation	1. e4 e6 2. Nf3	137969230	47.64	3.84	48.53
C00	French Defense: La Bourdonnais Variation	1. e4 e6 2. f4	19398194	48.03	3.16	48.81
C00	French Defense: La Bourdonnais Variation, Reuter Gambit	1. e4 e6 2. f4 d5 3. Nf3 dxe4	641406	45.74	2.62	51.63
C00	French Defense: Mediterranean Defense	1. e4 e6 2. d4 Nf6	4344712	52.07	3.41	44.52
C00	French Defense: Normal Variation	1. e4 e6 2. d4	194076904	48.89	4.15	46.95
C00	French Defense: Orthoschnapp Gambit	1. e4 e6 2. c4 d5 3. cxd5 exd5 4. Qb3	719512	54.35	3.45	42.2
C00	French Defense: Pelikan Variation	1. e4 e6 2. Nc3 d5 3. f4	705473	50.36	3.31	46.33
C00	French Defense: Perseus Gambit	1. e4 e6 2. d4 d5 3. Nf3	962234	44.3	3.18	52.52
C00	French Defense: Queen's Knight	1. e4 e6 2. Nc3	34945454	48.6	3.73	47.67
C00	French Defense: Reversed Philidor Formation	1. e4 e6 2. d3 d5 3. Nd2 Nf6 4. Ngf3 Nc6 5. Be2	17157	51.73	6.62	41.64
C00	French Defense: Schlechter Variation	1. e4 e6 2. d4 d5 3. Bd3	2876741	49.63	4.67	45.7
C00	French Defense: St. George Defense, Sanky-George Gambit	1. e4 e6 2. d4 a6 3. c4 b5	74538	47.84	3.31	48.85
C00	French Defense: St. George Defense, St. George Gambit	1. e4 e6 2. d4 a6 3. c4 b5 4. cxb5 axb5	29451	48.02	3.6	48.38
C00	French Defense: St. George Defense, Three Pawn Attack	1. e4 e6 2. d4 a6 3. c4	413466	52.33	3.42	44.24
C00	French Defense: St. George Defense, Traditional Line	1. e4 e6 2. d4 a6 3. Nf3 b5 4. Bd3 c5 5. c3 Bb7 6. O-O Nf6	34707	51.49	3.74	44.78
C00	French Defense: Steiner Variation	1. e4 e6 2. c4	7390399	50.78	3.94	45.28
C00	French Defense: Steinitz Attack	1. e4 e6 2. e5	12275342	47.02	3.62	49.36
C00	French Defense: Two Knights Variation	1. e4 e6 2. Nf3 d5 3. Nc3	6939484	48.01	3.87	48.12
C00	French Defense: Wing Gambit	1. e4 e6 2. Nf3 d5 3. e5 c5 4. b4	1632625	54.51	3.72	41.77
C00	Rat Defense: Small Center Defense	1. d4 e6 2. e4 d6	10339345	51.68	3.6	44.73
C01	French Defense: Exchange Variation	1. e4 e6 2. d4 d5 3. exd5	45538785	47.58	4.94	47.48
C01	French Defense: Exchange Variation	1. e4 e6 2. d4 d5 3. exd5 exd5 4. Nf3	16761554	47.67	5.09	47.24
C01	French Defense: Exchange Variation	1. e4 e6 2. d4 d5 3. exd5 exd5 4. Nc3	8448961	45.94	4.32	49.74
C01	French Defense: Exchange Variation, Bogoljubow Variation	1. e4 e6 2. d4 d5 3. exd5 exd5 4. Nc3 Nf6 5. Bg5 Nc6	46849	49.48	4.14	46.38
C01	French Defense: Exchange Variation, Monte Carlo Variation	1. e4 e6 2. d4 d5 3. exd5 exd5 4. c4	6850459	49.22	4.69	46.09
C01	French Defense: Exchange Variation, Svenonius Variation	1. e4 e6 2. d4 d5 3. Nc3 Nf6 4. exd5 exd5 5. Bg5	2036882	46.05	4.38	49.57
C02	French Defense: Advance Variation	1. e4 e6 2. d4 d5 3. e5	51717461	46.42	3.77	49.81
C02	French Defense: Advance Variation	1. e4 e6 2. d4 d5 3. e5 c5	47608682	45.36	3.8	50.84
C02	French Defense: Advance Variation	1. e4 e6 2. d4 d5 3. e5 c5 4. c3	30757759	46.46	3.96	49.58
C02	French Defense: Advance Variation	1. e4 e6 2. d4 d5 3. e5 c5 4. c3 Nc6	21120970	45.96	3.97	50.07
C02	French Defense: Advance Variation, Euwe Variation	1. e4 e6 2. d4 d5 3. e5 c5 4. c3 Nc6 5. Nf3 Bd7	3712093	45.19	4.08	50.73
C02	French Defense: Advance Variation, Extended Bishop Swap	1. e4 e6 2. d4 d5 3. e5 Bd7	543564	47.95	3.72	48.33
C02	French Defense: Advance Variation, Kupreichik Variation	1. e4 e6 2. d4 d5 3. e5 c5 4. c3 Nc6 5. Be3	1210680	44.85	4.03	51.12
C02	French Defense: Advance Variation, Lputian Variation	1. e4 e6 2. d4 d5 3. e5 c5 4. c3 Nc6 5. Nf3 Qb6 6. a3 Nh6	291138	48.53	4.69	46.79
C02	French Defense: Advance Variation, Main Line	1. e4 e6 2. d4 d5 3. e5 c5 4. c3 Nc6 5. Nf3 Qb6 6. a3	2295147	50.64	4.38	44.98
C02	French Defense: Advance Variation, Milner-Barry Gambit	1. e4 e6 2. d4 d5 3. e5 c5 4. c3 Nc6 5. Nf3 Qb6 6. Bd3	3401179	50.61	3.62	45.76
C02	French Defense: Advance Variation, Milner-Barry Gambit, Hector Variation	1. e4 e6 2. d4 d5 3. e5 c5 4. c3 Nc6 5. Nf3 Qb6 6. Bd3 cxd4 7. O-O Bd7 8. Re1	194684	53.76	3.85	42.39
C02	French Defense: Advance Variation, Milner-Barry Gambit, Sørensen Variation	1. e4 e6 2. d4 d5 3. e5 c5 4. c3 Nc6 5. Nf3 Qb6 6. Bd3 cxd4 7. cxd4 Bd7 8. O-O Nxd4 9. Ng5	27186	58.06	2.59	39.35
C02	French Defense: Advance Variation, Nimzowitsch Attack	1. e4 e6 2. d4 d5 3. e5 c5 4. Qg4	725476	53.54	3.46	43.0
C02	French Defense: Advance Variation, Nimzowitsch Gambit	1. e4 e6 2. d4 d5 3. e5 c5 4. Qg4 cxd4 5. Nf3	223719	55.13	3.66	41.21
C02	French Defense: Advance Variation, Nimzowitsch System	1. e4 e6 2. d4 d5 3. e5 c5 4. Nf3	9235052	43.6	3.45	52.95
C02	French Defense: Advance Variation, Paulsen Attack	1. e4 e6 2. d4 d5 3. e5 c5 4. c3 Nc6 5. Nf3	15085460	47.12	4.02	48.86
C02	French Defense: Advance Variation, Ruisdonk Gambit	1. e4 e6 2. d4 d5 3. e5 c5 4. Nf3 cxd4 5. Bd3	154951	51.64	3.5	44.86
C02	French Defense: Advance Variation, Steinitz Variation	1. e4 e6 2. d4 d5 3. e5 c5 4. dxc5	1563505	41.53	3.46	55.01
C02	French Defense: Advance Variation, Wade Variation	1. e4 e6 2. d4 d5 3. e5 c5 4. c3 Qb6 5. Nf3 Bd7	586791	45.28	5.27	49.45
C03	French Defense: Tarrasch Variation	1. e4 e6 2. d4 d5 3. Nd2	13701213	50.66	5.09	44.25
C03	French Defense: Tarrasch Variation, Guimard Defense	1. e4 e6 2. d4 d5 3. Nd2 Nc6	626172	48.82	5.36	45.81
C03	French Defense: Tarrasch Variation, Guimard Defense, Thunderbunny Variation	1. e4 e6 2. d4 d5 3. Nd2 Nc6 4. c3 dxe4 5. Nxe4 e5	12501	51.42	4.77	43.81
C03	French Defense: Tarrasch Variation, Haberditz Variation	1. e4 e6 2. d4 d5 3. Nd2 f5	147640	46.45	4.68	48.86
C03	French Defense: Tarrasch Variation, Modern System	1. e4 e6 2. d4 d5 3. Nd2 a6	175083	49.03	5.91	45.05
C03	French Defense: Tarrasch Variation, Morozevich Variation	1. e4 e6 2. d4 d5 3. Nd2 Be7	284263	47.18	6.03	46.78
C04	French Defense: Tarrasch Variation, Guimard Defense, Main Line	1. e4 e6 2. d4 d5 3. Nd2 Nc6 4. Ngf3 Nf6	245448	47.3	5.76	46.94
C05	French Defense: Tarrasch Variation, Botvinnik Variation	1. e4 e6 2. d4 d5 3. Nd2 Nf6 4. e5 Nfd7 5. Bd3 c5 6. c3 b6	46452	48.97	6.0	45.03
C05	French Defense: Tarrasch Variation, Closed Variation	1. e4 e6 2. d4 d5 3. Nd2 Nf6	4878697	51.41	4.47	44.13
C05	French Defense: Tarrasch Variation, Closed Variation	1. e4 e6 2. d4 d5 3. Nd2 Nf6 4. e5 Nfd7 5. Bd3 c5 6. c3 Nc6	1932534	52.35	4.54	43.11
C05	French Defense: Tarrasch Variation, Pawn Center Variation	1. e4 e6 2. d4 d5 3. Nd2 Nf6 4. e5 Nfd7 5. f4	685839	51.43	4.46	44.12
C06	French Defense: Tarrasch Variation, Closed Variation, Main Line	1. e4 e6 2. d4 d5 3. Nd2 Nf6 4. e5 Nfd7 5. Bd3 c5 6. c3 Nc6 7. Ne2 cxd4 8. cxd4	564334	48.76	5.39	45.85
C06	French Defense: Tarrasch Variation, Leningrad Variation	1. e4 e6 2. d4 d5 3. Nd2 Nf6 4. e5 Nfd7 5. Bd3 c5 6. c3 Nc6 7. Ne2 cxd4 8. cxd4 Nb6	13272	46.82	5.24	47.94
C07	French Defense: Tarrasch Variation, Chistyakov Defense	1. e4 e6 2. d4 d5 3. Nd2 c5 4. exd5 Qxd5	421160	48.22	7.51	44.27
C07	French Defense: Tarrasch Variation, Chistyakov Defense, Modern Line	1. e4 e6 2. d4 d5 3. Nd2 c5 4. exd5 Qxd5 5. Ngf3 cxd4 6. Bc4 Qd6 7. O-O Nf6 8. Nb3 Nc6 9. Nbxd4 Nxd4 10. Nxd4 a6	33876	47.38	7.74	44.88
C07	French Defense: Tarrasch Variation, Eliskases Variation	1. e4 e6 2. d4 d5 3. Nd2 c5 4. exd5 Qxd5 5. Ngf3 cxd4 6. Bc4 Qd8	60822	53.65	6.9	39.45
C07	French Defense: Tarrasch Variation, Open System	1. e4 e6 2. d4 d5 3. Nd2 c5	3415540	49.36	5.43	45.21
C07	French Defense: Tarrasch Variation, Open System, Euwe-Keres Line	1. e4 e6 2. d4 d5 3. Nd2 c5 4. Ngf3	888542	50.49	5.56	43.95
C07	French Defense: Tarrasch Variation, Open System, Shaposhnikov Gambit	1. e4 e6 2. d4 d5 3. Nd2 c5 4. exd5 Nf6	2853	50.93	5.08	43.99
C07	French Defense: Tarrasch Variation, Open System, Süchting Line	1. e4 e6 2. d4 d5 3. Nd2 c5 4. c3	995798	47.72	4.4	47.88
C08	French Defense: Tarrasch Variation, Open System	1. e4 e6 2. d4 d5 3. Nd2 c5 4. exd5 exd5	758660	50.43	5.66	43.91
C08	French Defense: Tarrasch Variation, Open System, Advance Line	1. e4 e6 2. d4 d5 3. Nd2 c5 4. exd5 exd5 5. Ngf3 c4	25945	54.65	4.8	40.55
C09	French Defense: Tarrasch Variation, Open System, Main Line	1. e4 e6 2. d4 d5 3. Nd2 c5 4. exd5 exd5 5. Ngf3 Nc6	148127	51.68	6.21	42.11
C09	French Defense: Tarrasch Variation, Open System, Main Line	1. e4 e6 2. d4 d5 3. Nd2 c5 4. exd5 exd5 5. Ngf3 Nc6 6. Bb5 Bd6 7. dxc5 Bxc5 8. O-O Ne7 9. c3	697	49.5	8.75	41.75
C10	French Defense: Hecht-Reefschläger Variation	1. e4 e6 2. d4 d5 3. Nc3 Nc6	771825	50.56	4.14	45.3
C10	French Defense: Marshall Gambit	1. e4 e6 2. d4 d5 3. Nc3 c5	4360348	52.41	3.68	43.91
C10	French Defense: Paulsen Variation	1. e4 e6 2. d4 d5 3. Nc3	31335626	50.06	4.49	45.45
C10	French Defense: Rubinstein Variation	1. e4 e6 2. d4 d5 3. Nc3 dxe4	10306796	51.06	4.69	44.25
C10	French Defense: Rubinstein Variation, Blackburne Defense	1. e4 e6 2. d4 d5 3. Nc3 dxe4 4. Nxe4 Nd7	3195679	46.48	6.37	47.15
C10	French Defense: Rubinstein Variation, Capablanca Line	1. e4 e6 2. d4 d5 3. Nc3 dxe4 4. Nxe4 Nd7 5. Nf3 Ngf6 6. Nxf6+ Nxf6 7. Ne5	23343	51.64	7.26	41.1
C10	French Defense: Rubinstein Variation, Fort Knox Variation	1. e4 e6 2. d4 d5 3. Nc3 dxe4 4. Nxe4 Bd7 5. Nf3 Bc6	733677	45.85	7.45	46.7
C10	French Defense: Rubinstein Variation, Kasparov Attack	1. e4 e6 2. d4 d5 3. Nd2 dxe4 4. Nxe4 Nd7 5. Nf3 Ngf6 6. Nxf6+ Nxf6 7. c3	82786	47.88	7.94	44.19
C11	French Defense: Classical Variation	1. e4 e6 2. d4 d5 3. Nc3 Nf6	12067304	49.06	4.4	46.54
C11	French Defense: Classical Variation, Delayed Exchange Variation	1. e4 e6 2. d4 d5 3. Nc3 Nf6 4. exd5	1104136	47.83	5.07	47.09
C11	French Defense: Classical Variation, Shirov-Anand Variation	1. e4 e6 2. d4 d5 3. Nc3 Nf6 4. e5 Nfd7 5. Nce2	767658	50.66	4.11	45.23
C11	French Defense: Classical Variation, Steinitz Variation	1. e4 e6 2. d4 d5 3. Nc3 Nf6 4. e5	7880771	48.93	3.96	47.11
C11	French Defense: Classical Variation, Swiss Variation	1. e4 e6 2. d4 d5 3. Nc3 Nf6 4. Bd3	646570	49.57	4.14	46.29
C11	French Defense: Henneberger Variation	1. e4 e6 2. d4 d5 3. Nc3 Nf6 4. Be3	129027	52.08	3.37	44.56
C11	French Defense: Steinitz Variation	1. e4 e6 2. d4 d5 3. Nc3 a6 4. Nf3 Nf6 5. e5 Nfd7	14889	47.08	3.86	49.06
C11	French Defense: Steinitz Variation	1. e4 e6 2. d4 d5 3. Nc3 a6 4. Nf3 Nf6 5. e5 Nfd7 6. a3	10232	42.19	4.12	53.68
C11	French Defense: Steinitz Variation	1. e4 e6 2. d4 d5 3. Nc3 a6 4. Nf3 Nf6 5. e5 Nfd7 6. Ne2	16305	49.13	4.5	46.37
C11	French Defense: Steinitz Variation	1. e4 e6 2. d4 d5 3. Nc3 Nf6 4. e5 Nfd7 5. f4 c5 6. dxc5 Nc6	16190	45.18	3.47	51.35
C11	French Defense: Steinitz Variation	1. e4 e6 2. d4 d5 3. Nc3 Nf6 4. e5 Nfd7 5. f4 c5 6. Nf3	2796741	48.74	4.67	46.59
C11	French Defense: Steinitz Variation, Boleslavsky Variation	1. e4 e6 2. d4 d5 3. Nc3 Nf6 4. e5 Nfd7 5. f4 c5 6. Nf3 Nc6 7. Be3	1632469	49.52	5.17	45.31
C11	French Defense: Steinitz Variation, Bradford Attack Variation	1. e4 e6 2. d4 d5 3. Nc3 Nf6 4. e5 Nfd7 5. f4 c5 6. dxc5 Bxc5 7. Qg4	11141	57.85	3.53	38.62
C11	French Defense: Steinitz Variation, Brodsky-Jones Variation	1. e4 e6 2. d4 d5 3. Nc3 Nf6 4. e5 Nfd7 5. f4 c5 6. dxc5 Nc6 7. a3 Bxc5 8. Qg4 O-O 9. Nf3 f6	83	62.65	2.41	34.94
C11	French Defense: Steinitz Variation, Gledhill Attack	1. e4 e6 2. d4 d5 3. Nc3 Nf6 4. e5 Nfd7 5. Qg4	115372	51.28	3.12	45.6
C12	French Defense, Classical, 4. Bg5	1. e4 e6 2. d4 d5 3. Nc3 Nf6 4. Bg5	4510607	50.54	4.79	44.67
C12	French Defense: McCutcheon Variation	1. e4 e6 2. d4 d5 3. Nc3 Nf6 4. Bg5 Bb4	752506	47.57	5.43	47.0
C12	French Defense: McCutcheon Variation, Advance Variation	1. e4 e6 2. d4 d5 3. Nc3 Nf6 4. Bg5 Bb4 5. e5	621335	47.59	5.33	47.08
C12	French Defense: McCutcheon Variation, Bernstein Variation	1. e4 e6 2. d4 d5 3. Nc3 Nf6 4. Bg5 Bb4 5. e5 h6 6. Bh4	51737	45.13	4.52	50.35
C12	French Defense: McCutcheon Variation, Bogoljubow Variation	1. e4 e6 2. d4 d5 3. Nc3 Nf6 4. Bg5 Bb4 5. exd5 Qxd5 6. Bxf6 gxf6 7. Qd2 Qa5	607	49.26	7.08	43.66
C12	French Defense: McCutcheon Variation, Chigorin Variation	1. e4 e6 2. d4 d5 3. Nc3 Nf6 4. Bg5 Bb4 5. e5 h6 6. exf6	186330	42.71	5.27	52.01
C12	French Defense: McCutcheon Variation, Dr. Olland Variation	1. e4 e6 2. d4 d5 3. Nc3 Nf6 4. Bg5 Bb4 5. e5 h6 6. Bc1	25123	53.51	4.92	41.57
C12	French Defense: McCutcheon Variation, Duras Variation	1. e4 e6 2. Nc3 d5 3. d4 Nf6 4. Bg5 Bb4 5. e5 h6 6. Bd2 Bxc3 7. bxc3 Ne4 8. Qg4 Kf8 9. Bc1	1991	54.75	4.87	40.38
C12	French Defense: McCutcheon Variation, Exchange Variation	1. e4 e6 2. d4 d5 3. Nc3 Nf6 4. Bg5 Bb4 5. exd5	44282	48.66	6.62	44.71
C12	French Defense: McCutcheon Variation, Grigoriev Variation	1. e4 e6 2. d4 d5 3. Nc3 Nf6 4. Bg5 Bb4 5. e5 h6 6. exf6 hxg5 7. fxg7 Rg8 8. h4 gxh4 9. Qg4	7429	49.6	9.06	41.34
C12	French Defense: McCutcheon Variation, Janowski Variation	1. e4 e6 2. d4 d5 3. Nc3 Nf6 4. Bg5 Bb4 5. e5 h6 6. Be3	43454	53.2	4.8	42.01
C12	French Defense: McCutcheon Variation, Lasker Variation	1. e4 e6 2. d4 d5 3. Nc3 Nf6 4. Bg5 Bb4 5. e5 h6 6. Bd2 Bxc3	214593	47.28	6.33	46.38
C12	French Defense: McCutcheon Variation, Lasker Variation	1. e4 e6 2. d4 d5 3. Nc3 Nf6 4. Bg5 Bb4 5. e5 h6 6. Bd2 Bxc3 7. bxc3 Ne4 8. Qg4 g6	33917	48.87	6.99	44.14
C12	French Defense: McCutcheon Variation, Tartakower Variation	1. e4 e6 2. d4 d5 3. Nc3 Nf6 4. Bg5 Bb4 5. e5 h6 6. Bd2 Nfd7	27923	53.41	3.93	42.66
C13	French Defense: Alekhine-Chatard Attack	1. e4 e6 2. d4 d5 3. Nc3 Nf6 4. Bg5 Be7 5. e5 Nfd7 6. h4	918020	53.33	3.89	42.78
C13	French Defense: Alekhine-Chatard Attack, Albin-Chatard Gambit	1. e4 e6 2. d4 d5 3. Nc3 Nf6 4. Bg5 Be7 5. e5 Nfd7 6. h4 Bxg5 7. hxg5 Qxg5	249958	58.22	3.43	38.35
C13	French Defense: Alekhine-Chatard Attack, Breyer Variation	1. e4 e6 2. d4 d5 3. Nc3 Nf6 4. Bg5 Be7 5. e5 Nfd7 6. h4 c5	125854	55.35	3.49	41.15
C13	French Defense: Alekhine-Chatard Attack, Maróczy Variation	1. e4 e6 2. d4 d5 3. Nc3 Nf6 4. Bg5 Be7 5. e5 Nfd7 6. h4 a6	186619	49.3	4.23	46.47
C13	French Defense: Alekhine-Chatard Attack, Teichmann Variation	1. e4 e6 2. d4 d5 3. Nc3 Nf6 4. Bg5 Be7 5. e5 Nfd7 6. h4 f6	11096	56.35	3.3	40.35
C13	French Defense: Classical Variation	1. e4 e6 2. d4 d5 3. Nc3 Nf6 4. Bg5 dxe4 5. Nxe4 Be7	2237129	50.25	5.43	44.32
C13	French Defense: Classical Variation, Burn Variation	1. e4 e6 2. d4 d5 3. Nc3 Nf6 4. Bg5 dxe4	1221798	50.62	5.9	43.48
C13	French Defense: Classical Variation, Burn Variation, Morozevich Line	1. e4 e6 2. d4 d5 3. Nc3 Nf6 4. Bg5 dxe4 5. Nxe4 Be7 6. Bxf6 gxf6	210514	49.33	5.78	44.89
C13	French Defense: Classical Variation, Frankfurt Variation	1. e4 e6 2. d4 d5 3. Nc3 Nf6 4. Bg5 Be7 5. e5 Ng8 6. Be3 b6	680	49.71	5.15	45.15
C13	French Defense: Classical Variation, Normal Variation	1. e4 e6 2. d4 d5 3. Nc3 Nf6 4. Bg5 Be7	3088644	51.19	4.37	44.44
C13	French Defense: Classical Variation, Richter Attack	1. e4 e6 2. d4 d5 3. Nc3 Nf6 4. Bg5 Be7 5. Bxf6	414251	49.85	4.23	45.92
C13	French Defense: Classical Variation, Richter Attack	1. e4 e6 2. d4 d5 3. Nc3 Nf6 4. Bg5 Be7 5. Bxf6 Bxf6 6. e5 Be7 7. Qg4	53495	52.32	3.4	44.28
C13	French Defense: Classical Variation, Tartakower Variation	1. e4 e6 2. d4 d5 3. Nc3 Nf6 4. Bg5 Be7 5. e5 Ne4	193184	50.09	4.85	45.05
C13	French Defense: Classical Variation, Vistaneckis Variation	1. e4 e6 2. d4 d5 3. Nc3 Nf6 4. Bg5 Be7 5. e5 Ng8	49954	53.3	4.26	42.44
C14	French Defense: Classical Variation	1. e4 e6 2. d4 d5 3. Nc3 a6 4. Nf3 Nf6 5. e5 Nfd7 6. Bg5	40582	48.84	3.67	47.5
C14	French Defense: Classical Variation	1. e4 e6 2. d4 d5 3. Nc3 Nf6 4. Bg5 Be7 5. e5 Nfd7 6. Bxe7 Qxe7	1168593	51.93	4.77	43.3
C14	French Defense: Classical Variation, Alapin Variation	1. e4 e6 2. d4 d5 3. Nc3 Nf6 4. Bg5 Be7 5. e5 Nfd7 6. Bxe7 Qxe7 7. Nb5	80932	57.96	4.42	37.62
C14	French Defense: Classical Variation, Pollock Variation	1. e4 e6 2. d4 d5 3. Nc3 Nf6 4. Bg5 Be7 5. e5 Nfd7 6. Bxe7 Qxe7 7. Qg4	127356	53.43	4.0	42.57
C14	French Defense: Classical Variation, Rubinstein Variation	1. e4 e6 2. d4 d5 3. Nc3 Nf6 4. Bg5 Be7 5. e5 Nfd7 6. Bxe7 Qxe7 7. Qd2	33968	54.64	4.98	40.37
C14	French Defense: Classical Variation, Stahlberg Variation	1. e4 e6 2. d4 d5 3. Nc3 Nf6 4. Bg5 Be7 5. e5 Nfd7 6. Bxe7 Qxe7 7. f4 O-O 8. Nf3 c5 9. Qd2 Nc6 10. O-O-O c4	840	48.1	3.21	48.69
C14	French Defense: Classical Variation, Steinitz Variation	1. e4 e6 2. d4 d5 3. Nc3 Nf6 4. Bg5 Be7 5. e5 Nfd7 6. Bxe7 Qxe7 7. f4	611954	53.52	5.16	41.32
C14	French Defense: Classical Variation, Tarrasch Variation	1. e4 e6 2. d4 d5 3. Nc3 Nf6 4. Bg5 Be7 5. e5 Nfd7 6. Bxe7 Qxe7 7. Bd3	47239	48.64	4.17	47.18
C15	French Defense: McCutcheon Variation, Wolf Gambit	1. e4 e6 2. d4 d5 3. Nc3 Bb4 4. Ne2 Nf6 5. Bg5	22332	50.1	6.35	43.56
C15	French Defense: Winawer Variation	1. e4 e6 2. d4 d5 3. Nc3 Bb4	8340527	49.21	4.63	46.15
C15	French Defense: Winawer Variation, Alekhine Gambit Accepted	1. e4 e6 2. d4 d5 3. Nc3 Bb4 4. Ne2 dxe4 5. a3 Bxc3+	141785	53.62	5.97	40.4
C15	French Defense: Winawer Variation, Alekhine Gambit, Alatortsev Variation	1. e4 e6 2. d4 d5 3. Nc3 Bb4 4. Ne2 dxe4 5. a3 Be7 6. Nxe4 Nf6 7. N2g3 O-O 8. Be2 Nc6	33	48.48	9.09	42.42
C15	French Defense: Winawer Variation, Alekhine Gambit, Kan Variation	1. e4 e6 2. d4 d5 3. Nc3 Bb4 4. Ne2 dxe4 5. a3 Bxc3+ 6. Nxc3 Nc6	39087	47.17	8.13	44.7
C15	French Defense: Winawer Variation, Alekhine-Maróczy Gambit	1. e4 e6 2. d4 d5 3. Nc3 Bb4 4. Ne2	460563	52.21	5.75	42.05
C15	French Defense: Winawer Variation, Delayed Exchange Variation	1. e4 e6 2. d4 d5 3. Nc3 Bb4 4. exd5	1480750	48.11	5.38	46.51
C15	French Defense: Winawer Variation, Exchange Variation, Canal Attack	1. e4 e6 2. d4 d5 3. Nc3 Bb4 4. exd5 exd5 5. Bd3 Ne7 6. Qh5	8859	53.5	6.2	40.3
C15	French Defense: Winawer Variation, Fingerslip Variation	1. e4 e6 2. d4 d5 3. Nc3 Bb4 4. Bd2	675352	48.36	3.97	47.67
C15	French Defense: Winawer Variation, Fingerslip Variation, Kunin Double Gambit	1. e4 e6 2. d4 d5 3. Nc3 Bb4 4. Bd2 dxe4 5. Qg4 Qxd4	3500	53.37	4.46	42.17
C15	French Defense: Winawer Variation, Fingerslip Variation, Main Line	1. e4 e6 2. d4 d5 3. Nc3 Bb4 4. Bd2 dxe4 5. Qg4 Nf6 6. Qxg7 Rg8 7. Qh6	13620	49.48	6.14	44.38
C15	French Defense: Winawer Variation, Kondratiyev Variation	1. e4 e6 2. d4 d5 3. Nc3 Bb4 4. Bd3 c5 5. exd5 Qxd5 6. Bd2	2068	58.37	4.5	37.14
C15	French Defense: Winawer Variation, Winckelmann-Reimer Gambit	1. e4 e6 2. d4 d5 3. Nc3 Bb4 4. a3 Bxc3+ 5. bxc3 dxe4 6. f3	76280	54.79	3.98	41.23
C16	French Defense: Winawer Variation, Advance Variation	1. e4 e6 2. d4 d5 3. Nc3 Bb4 4. e5	3994940	49.41	4.57	46.02
C16	French Defense: Winawer Variation, Petrosian Variation	1. e4 e6 2. d4 d5 3. Nc3 Bb4 4. e5 Qd7	102091	44.56	5.8	49.64
C17	French Defense: Winawer Variation, Advance Variation	1. e4 e6 2. d4 d5 3. Nc3 Bb4 4. e5 c5	2817448	48.65	4.63	46.71
C17	French Defense: Winawer Variation, Advance Variation	1. e4 e6 2. d4 d5 3. Nc3 Bb4 4. e5 c5 5. a3	2020621	48.52	4.68	46.8
C17	French Defense: Winawer Variation, Advance Variation	1. e4 e6 2. d4 d5 3. Nc3 Bb4 4. e5 c5 5. a3 cxd4 6. axb4 dxc3 7. Nf3	26099	55.81	4.04	40.14
C17	French Defense: Winawer Variation, Advance Variation, Moscow Variation	1. e4 e6 2. d4 d5 3. Nc3 Bb4 4. e5 c5 5. Qg4	114851	51.79	3.68	44.53
C17	French Defense: Winawer Variation, Bogoljubow Variation	1. e4 e6 2. d4 d5 3. Nc3 Bb4 4. e5 c5 5. Bd2	299800	52.45	5.44	42.1
C17	French Defense: Winawer Variation, Bogoljubow Variation, Icelandic Defense	1. e4 e6 2. d4 d5 3. Nc3 Bb4 4. e5 c5 5. Bd2 Ne7 6. f4	7659	50.84	7.15	42.0
C17	French Defense: Winawer Variation, Maróczy-Wallis Variation	1. e4 e6 2. d4 d5 3. Nc3 Bb4 4. e5 c5 5. a3 cxd4 6. axb4 dxc3	295900	50.25	4.35	45.4
C17	French Defense: Winawer Variation, Retreat Variation	1. e4 e6 2. d4 d5 3. Nc3 Bb4 4. e5 c5 5. a3 Ba5	205151	47.89	4.56	47.55
C17	French Defense: Winawer Variation, Retreat Variation, Armenian Line	1. e4 e6 2. d4 d5 3. Nc3 Bb4 4. e5 c5 5. a3 Ba5 6. b4 cxd4	60136	44.24	5.8	49.96
C18	French Defense: Winawer Variation, Advance Variation	1. e4 e6 2. d4 d5 3. Nc3 Bb4 4. e5 c5 5. a3 Bxc3+ 6. bxc3	1448569	48.12	4.79	47.09
C18	French Defense: Winawer Variation, Advance Variation	1. e4 e6 2. d4 d5 3. Nc3 Bb4 4. e5 c5 5. a3 Bxc3+ 6. bxc3 Ne7	666828	46.56	5.04	48.41
C18	French Defense: Winawer Variation, Advance Variation, with Bd3	1. e4 e6 2. d4 d5 3. Nc3 Bb4 4. e5 c5 5. a3 Bxc3+ 6. bxc3 Ne7 7. Bd3	34680	48.08	4.44	47.47
C18	French Defense: Winawer Variation, Advance Variation, with Bd3	1. e4 e6 2. d4 d5 3. Nc3 Bb4 4. e5 c5 5. a3 Bxc3+ 6. bxc3 Ne7 7. Bd3 Qc7	6905	48.6	4.19	47.21
C18	French Defense: Winawer Variation, Advance Variation, with h4	1. e4 e6 2. d4 d5 3. Nc3 Bb4 4. e5 c5 5. a3 Bxc3+ 6. bxc3 Ne7 7. h4	65216	51.52	5.26	43.22
C18	French Defense: Winawer Variation, Advance Variation, with h4	1. e4 e6 2. d4 d5 3. Nc3 Bb4 4. e5 c5 5. a3 Bxc3+ 6. bxc3 Ne7 7. h4 Qc7	20414	50.67	5.29	44.04
C18	French Defense: Winawer Variation, Classical Variation	1. e4 e6 2. d4 d5 3. Nc3 Bb4 4. e5 c5 5. a3 Bxc3+ 6. bxc3 Qc7	269671	47.31	4.82	47.88
C18	French Defense: Winawer Variation, Eingorn Variation	1. e4 e6 2. d4 d5 3. Nc3 Bb4 4. e5 c5 5. a3 Bxc3+ 6. bxc3 Ne7 7. Qg4 Kf8	30938	44.42	4.93	50.65
C18	French Defense: Winawer Variation, Poisoned Pawn Variation	1. e4 e6 2. d4 d5 3. Nc3 Bb4 4. e5 c5 5. a3 Bxc3+ 6. bxc3 Ne7 7. Qg4 Qc7	203848	44.65	5.14	50.21
C18	French Defense: Winawer Variation, Poisoned Pawn Variation	1. e4 e6 2. d4 d5 3. Nc3 Bb4 4. e5 c5 5. a3 Bxc3+ 6. bxc3 Ne7 7. Qg4 cxd4 8. Qxg7	27509	45.44	5.64	48.92
C18	French Defense: Winawer Variation, Poisoned Pawn Variation	1. e4 e6 2. d4 d5 3. Nc3 Bb4 4. e5 c5 5. a3 Bxc3+ 6. bxc3 Ne7 7. Qg4 cxd4 8. Qxg7 Rg8 9. Qxh7 Nbc6	918	48.15	4.79	47.06
C18	French Defense: Winawer Variation, Poisoned Pawn Variation Declined	1. e4 e6 2. d4 d5 3. Nc3 Bb4 4. e5 c5 5. a3 Bxc3+ 6. bxc3 Ne7 7. Qg4 Qc7 8. Bd3	28544	50.57	5.1	44.34
C18	French Defense: Winawer Variation, Poisoned Pawn Variation, Main Line	1. e4 e6 2. d4 d5 3. Nc3 Bb4 4. e5 c5 5. a3 Bxc3+ 6. bxc3 Ne7 7. Qg4 Qc7 8. Qxg7 Rg8 9. Qxh7 cxd4 10. Ne2	141718	46.29	5.62	48.09
C18	French Defense: Winawer Variation, Poisoned Pawn Variation, Paoli Variation	1. e4 e6 2. d4 d5 3. Nc3 Bb4 4. e5 c5 5. a3 Bxc3+ 6. bxc3 Ne7 7. Qg4 Qc7 8. Qxg7 Rg8 9. Qxh7 cxd4 10. Kd1	8791	49.56	4.49	45.94
C18	French Defense: Winawer Variation, Portisch-Hook Variation	1. e4 e6 2. d4 d5 3. Nc3 Bb4 4. e5 c5 5. a3 Bxc3+ 6. bxc3 Qa5	198973	46.88	5.12	48.0
C19	French Defense: Winawer Variation, Advance Variation, Smyslov Variation	1. e4 e6 2. d4 d5 3. Nc3 Bb4 4. e5 Ne7 5. a3 Bxc3+ 6. bxc3 c5 7. a4	48824	50.64	5.37	43.98
C19	French Defense: Winawer Variation, Advance Variation, Smyslov Variation	1. e4 e6 2. d4 d5 3. Nc3 Bb4 4. e5 Ne7 5. a3 Bxc3+ 6. bxc3 c5 7. a4 Qc7	8156	51.36	4.62	44.02
C19	French Defense: Winawer Variation, Positional Variation	1. e4 e6 2. d4 d5 3. Nc3 Bb4 4. e5 c5 5. a3 Bxc3+ 6. bxc3 Ne7 7. a4 Nbc6 8. Nf3	9779	54.17	5.46	40.37
C19	French Defense: Winawer Variation, Positional Variation	1. e4 e6 2. d4 d5 3. Nc3 Bb4 4. e5 c5 5. a3 Bxc3+ 6. bxc3 Ne7 7. a4 Nbc6 8. Nf3 Qa5 9. Qd2	4620	52.34	6.99	40.67
C19	French Defense: Winawer Variation, Positional Variation	1. e4 e6 2. d4 d5 3. Nc3 Bb4 4. e5 c5 5. a3 Bxc3+ 6. bxc3 Ne7 7. a4 Nbc6 8. Nf3 Qa5 9. Qd2 Bd7	3848	50.94	6.31	42.75
C19	French Defense: Winawer Variation, Positional Variation	1. e4 e6 2. d4 d5 3. Nc3 Bb4 4. e5 c5 5. a3 Bxc3+ 6. bxc3 Ne7 7. a4 Nbc6 8. Nf3 Qa5 9. Bd2	8173	51.13	5.15	43.72
C19	French Defense: Winawer Variation, Positional Variation	1. e4 e6 2. d4 d5 3. Nc3 Bb4 4. e5 c5 5. a3 Bxc3+ 6. bxc3 Ne7 7. a4 Nbc6 8. Nf3 Qa5 9. Bd2 Bd7	8118	49.04	5.56	45.41
C19	French Defense: Winawer Variation, Positional Variation	1. e4 e6 2. d4 d5 3. Nc3 Bb4 4. e5 c5 5. a3 Bxc3+ 6. bxc3 Ne7 7. a4 Nbc6 8. Nf3 Qa5 9. Bd2 c4	3415	52.01	4.69	43.31
C19	French Defense: Winawer Variation, Positional Variation	1. e4 e6 2. d4 d5 3. Nc3 Bb4 4. e5 c5 5. a3 Bxc3+ 6. bxc3 Ne7 7. Nf3	177209	48.39	5.11	46.5
C19	French Defense: Winawer Variation, Positional Variation	1. e4 e6 2. d4 d5 3. Nc3 Bb4 4. e5 c5 5. a3 Bxc3+ 6. bxc3 Nc6 7. Nf3 Nge7	32191	50.87	4.58	44.56
C19	French Defense: Winawer Variation, Positional Variation	1. e4 e6 2. d4 d5 3. Nc3 Bb4 4. e5 c5 5. a3 Bxc3+ 6. bxc3 Ne7 7. Nf3 Qc7	31143	50.85	4.5	44.65
C19	French Defense: Winawer Variation, Positional Variation	1. e4 e6 2. d4 d5 3. Nc3 Bb4 4. e5 c5 5. a3 Bxc3+ 6. bxc3 Ne7 7. Nf3 Qc7 8. h4	4374	50.37	6.31	43.32
C19	French Defense: Winawer Variation, Positional Variation	1. e4 e6 2. d4 d5 3. Nc3 Bb4 4. e5 c5 5. a3 Bxc3+ 6. bxc3 Ne7 7. Bd3 Nbc6 8. Nf3	7441	50.09	4.37	45.54
C19	French Defense: Winawer Variation, Positional Variation	1. e4 e6 2. d4 d5 3. Nc3 Bb4 4. e5 c5 5. a3 Bxc3+ 6. bxc3 Nc6 7. Nf3 Qa5 8. Bd2 Nge7	2836	51.3	4.34	44.36
C20	Barnes Opening: Walkerling	1. f3 e5 2. e4 Nf6 3. Bc4	271434	42.53	3.49	53.98
C20	Center Game	1. e4 e5 2. d4	121195051	52.08	3.5	44.42
C20	King's Pawn Game	1. e4 e5	1849312959	50.97	3.79	45.24
C20	King's Pawn Game: Beyer Gambit	1. e4 e5 2. d4 d5	3666186	54.51	4.7	40.78
C20	King's Pawn Game: Clam Variation, King's Gambit Reversed	1. e4 e5 2. d3 f5	917705	47.61	3.07	49.32
C20	King's Pawn Game: Clam Variation, Radisch Gambit	1. e4 e5 2. d3 Nf6 3. f4 Bc5	114388	51.02	2.52	46.46
C20	King's Pawn Game: King's Head Opening	1. e4 e5 2. f3 Nf6 3. Nc3	351665	41.07	3.98	54.96
C20	King's Pawn Game: Leonardis Variation	1. e4 e5 2. d3	53706373	48.08	3.98	47.94
C20	King's Pawn Game: MacLeod Attack, Lasa Gambit	1. e4 e5 2. c3 f5	197210	47.25	2.83	49.92
C20	King's Pawn Game: MacLeod Attack, Norwalde Gambit	1. e4 e5 2. c3 d5 3. Qh5 Bd6	387	39.02	3.88	57.11
C20	King's Pawn Game: Napoleon Attack	1. e4 e5 2. Qf3	23292566	49.99	3.64	46.37
C20	King's Pawn Game: Wayward Queen Attack	1. e4 e5 2. Qh5	48891404	50.53	3.97	45.5
C20	King's Pawn Game: Wayward Queen Attack, Kiddie Countergambit	1. e4 e5 2. Qh5 Nf6	8829562	46.21	4.04	49.75
C20	King's Pawn Game: Weber Gambit	1. e4 e5 2. d3 d5 3. exd5 c6 4. dxc6 Nxc6	49565	45.42	3.61	50.97
C20	King's Pawn Opening: Speers	1. e4 e5 2. Qg4 Nf6 3. Qf5	52212	28.2	4.07	67.73
C20	King's Pawn Opening: Van Hooydoon Gambit	1. e4 e5 2. Qe2 Nc6 3. c3 Nf6 4. Nf3 Bc5 5. d4 exd4 6. cxd4 Nxd4	17669	38.32	3.54	58.14
C20	Portuguese Opening: Portuguese Gambit	1. e4 e5 2. Bb5 Nf6 3. d4	31504	39.09	4.17	56.74
C21	Center Game	1. e4 e5 2. d4 exd4 3. Qxd4	30858263	47.14	3.72	49.14
C21	Center Game Accepted	1. e4 e5 2. d4 exd4	73005398	50.85	3.42	45.73
C21	Center Game: Halasz-McDonnell Gambit	1. e4 e5 2. d4 exd4 3. f4	1409943	50.92	2.79	46.29
C21	Center Game: Halasz-McDonnell Gambit, Crocodile Variation	1. e4 e5 2. d4 exd4 3. f4 Bc5 4. Nf3 Nc6 5. c3	16453	47.73	2.68	49.59
C21	Center Game: Kieseritzky Variation	1. e4 e5 2. d4 exd4 3. Nf3	11864325	53.72	3.35	42.93
C21	Center Game: Kieseritzky Variation	1. e4 e5 2. d4 exd4 3. Nf3 c5	1956950	57.6	2.78	39.62
C21	Center Game: Kieseritzky Variation	1. e4 e5 2. d4 exd4 3. Nf3 c5 4. Bc4	1076327	59.19	2.68	38.14
C21	Center Game: Lanc-Arnold Gambit	1. e4 e5 2. d4 exd4 3. Nf3 Bc5 4. c3	213408	56.49	2.58	40.92
C21	Center Game: Lanc-Arnold Gambit, Schippler Gambit	1. e4 e5 2. d4 exd4 3. Nf3 Bc5 4. c3 dxc3 5. Bc4	89952	59.17	2.21	38.62
C21	Center Game: Ross Gambit	1. e4 e5 2. d4 exd4 3. Bd3	387219	50.56	2.77	46.67
C21	Center Game: von der Lasa Gambit	1. e4 e5 2. d4 exd4 3. Bc4	2511122	53.21	3.03	43.76
C21	Danish Gambit	1. e4 e5 2. d4 exd4 3. c3	24875212	54.36	3.17	42.47
C21	Danish Gambit Accepted	1. e4 e5 2. d4 exd4 3. c3 dxc3	16970481	56.01	3.02	40.97
C21	Danish Gambit Accepted: Chigorin Defense	1. e4 e5 2. d4 exd4 3. c3 dxc3 4. Bc4 cxb2 5. Bxb2 Qe7	340208	57.02	2.46	40.52
C21	Danish Gambit Accepted: Classical Defense	1. e4 e5 2. d4 exd4 3. c3 dxc3 4. Bc4 cxb2 5. Bxb2 Nf6	1211344	57.31	2.75	39.95
C21	Danish Gambit Accepted: Copenhagen Defense	1. e4 e5 2. d4 exd4 3. c3 dxc3 4. Bc4 cxb2 5. Bxb2 Bb4+	1625203	56.94	2.78	40.28
C21	Danish Gambit Accepted: Schlechter Defense	1. e4 e5 2. d4 exd4 3. c3 dxc3 4. Bc4 cxb2 5. Bxb2 d5	400955	47.06	4.85	48.08
C21	Danish Gambit Declined: Sörensen Defense	1. e4 e5 2. d4 exd4 3. c3 d5	1602689	45.6	4.49	49.91
C22	Center Game: Berger Variation	1. e4 e5 2. d4 exd4 3. Qxd4 Nc6 4. Qe3 Nf6	3072813	50.01	3.44	46.55
C22	Center Game: Charousek Variation	1. e4 e5 2. d4 exd4 3. Qxd4 Nc6 4. Qe3 Bb4+ 5. c3 Be7	16663	44.71	3.52	51.77
C22	Center Game: Hall Variation	1. e4 e5 2. d4 exd4 3. Qxd4 Nc6 4. Qc4	1145983	46.18	3.42	50.4
C22	Center Game: Kupreichik Variation	1. e4 e5 2. d4 exd4 3. Qxd4 Nc6 4. Qe3 Nf6 5. Nc3 Bb4 6. Bd2 O-O 7. O-O-O Re8 8. Bc4 d6 9. Nh3	1131	51.64	4.95	43.41
C22	Center Game: Normal Variation	1. e4 e5 2. d4 exd4 3. Qxd4 Nc6	25245801	46.37	3.63	50.0
C22	Center Game: Paulsen Attack Variation	1. e4 e5 2. d4 exd4 3. Qxd4 Nc6 4. Qe3	8758724	50.98	3.48	45.54
C23	Bishop's Opening	1. e4 e5 2. Bc4	192870044	51.35	3.57	45.08
C23	Bishop's Opening: Anderssen Gambit	1. e4 e5 2. Bc4 b5 3. Bxb5 c6	63184	54.99	3.71	41.3
C23	Bishop's Opening: Boi Variation	1. e4 e5 2. Bc4 Bc5	22534827	52.81	3.7	43.49
C23	Bishop's Opening: Calabrese Countergambit, Jaenisch Variation	1. e4 e5 2. Bc4 f5 3. d3	237238	51.21	2.89	45.91
C23	Bishop's Opening: Four Pawns Gambit	1. e4 e5 2. Bc4 Bc5 3. b4 Bxb4 4. f4 exf4 5. Nf3 Be7 6. d4 Bh4+ 7. g3 fxg3 8. O-O gxh2+ 9. Kh1	20	45.0	5.0	50.0
C23	Bishop's Opening: Khan Gambit	1. e4 e5 2. Bc4 d5	2000218	53.77	3.21	43.02
C23	Bishop's Opening: Lewis Countergambit	1. e4 e5 2. Bc4 Bc5 3. c3 d5 4. Bxd5 Nf6	633	46.29	1.9	51.82
C23	Bishop's Opening: Lewis Countergambit, Walker Variation	1. e4 e5 2. Bc4 Bc5 3. c3 d5 4. Bxd5 Nf6 5. d4	192	52.08	2.6	45.31
C23	Bishop's Opening: Lewis Gambit	1. e4 e5 2. Bc4 Bc5 3. d4	805499	59.14	3.16	37.7
C23	Bishop's Opening: Lisitsyn Variation	1. e4 e5 2. Bc4 c6 3. d4 d5 4. exd5 cxd5 5. Bb5+ Bd7 6. Bxd7+ Nxd7 7. dxe5 Nxe5 8. Ne2	1717	50.9	4.08	45.02
C23	Bishop's Opening: Lopez Gambit	1. e4 e5 2. Bc4 Bc5 3. Qe2 Nc6 4. c3 Nf6 5. f4	3304	55.33	1.91	42.77
C23	Bishop's Opening: McDonnell Gambit, La Bourdonnais-Denker Gambit	1. e4 e5 2. Bc4 Bc5 3. b4 Bxb4 4. c3	25747	53.85	2.77	43.38
C23	Bishop's Opening: McDonnell Gambit, McDonnell Double Gambit	1. e4 e5 2. Bc4 Bc5 3. b4 Bxb4 4. f4	1642	53.84	2.68	43.48
C23	Bishop's Opening: Philidor Counterattack	1. e4 e5 2. Bc4 c6	4976729	51.82	3.52	44.66
C23	Bishop's Opening: Philidor Variation	1. e4 e5 2. Bc4 Bc5 3. c3	720911	50.55	3.35	46.1
C23	Bishop's Opening: Thorold Gambit	1. e4 e5 2. Bc4 b5 3. Bxb5 f5	1180	49.58	2.71	47.71
C24	Bishop's Opening: Berlin Defense	1. e4 e5 2. Bc4 Nf6	62190166	50.61	3.61	45.79
C24	Bishop's Opening: Pachman Gambit	1. e4 e5 2. Bc4 Nf6 3. Ne2 Nxe4 4. Nec3	783	41.89	3.7	54.41
C24	Bishop's Opening: Paulsen Defense	1. e4 e5 2. Bc4 Nf6 3. d3 c6	2021600	47.13	3.82	49.06
C24	Bishop's Opening: Ponziani Gambit	1. e4 e5 2. Bc4 Nf6 3. d4	4008332	54.77	3.32	41.91
C24	Bishop's Opening: Urusov Gambit, Panov Variation	1. e4 e5 2. Bc4 Nf6 3. d4 exd4 4. Nf3 d5 5. exd5 Bb4+ 6. c3 Qe7+	2169	37.16	6.13	56.71
C24	Bishop's Opening: Vienna Hybrid	1. e4 e5 2. Bc4 Nf6 3. d3 Nc6 4. Nc3	1228611	52.09	3.97	43.94
C24	Bishop's Opening: Warsaw Gambit	1. e4 e5 2. Bc4 Nf6 3. d4 exd4 4. c3	96576	51.74	2.84	45.42
C25	Vienna Gambit, with Max Lange Defense	1. e4 e5 2. Nc3 Nc6 3. f4	6136968	53.68	3.2	43.13
C25	Vienna Gambit, with Max Lange Defense: Cunningham Defense	1. e4 e5 2. Nc3 Nc6 3. f4 exf4 4. Nf3 Be7	141557	47.07	2.94	49.99
C25	Vienna Gambit, with Max Lange Defense: Hamppe-Allgaier Gambit	1. e4 e5 2. Nc3 Nc6 3. f4 exf4 4. Nf3 g5 5. h4 g4 6. Ng5	49878	55.53	2.95	41.53
C25	Vienna Gambit, with Max Lange Defense: Hamppe-Allgaier Gambit, Alapin Variation	1. e4 e5 2. Nc3 Nc6 3. f4 exf4 4. Nf3 g5 5. h4 g4 6. Ng5 d6	5871	54.57	3.46	41.97
C25	Vienna Gambit, with Max Lange Defense: Hamppe-Allgaier Gambit, Thorold Variation	1. e4 e5 2. f4 exf4 3. Nf3 Nc6 4. Nc3 g5 5. h4 g4 6. Ng5 h6 7. Nxf7 Kxf7 8. d4	5402	58.74	3.7	37.56
C25	Vienna Gambit, with Max Lange Defense: Hamppe-Muzio Gambit	1. e4 e5 2. Nc3 Nc6 3. f4 exf4 4. Nf3 g5 5. Bc4 g4 6. O-O gxf3	42131	56.66	2.35	40.99
C25	Vienna Gambit, with Max Lange Defense: Knight Variation	1. e4 e5 2. Nc3 Nc6 3. f4 exf4 4. Nf3	2171556	53.12	3.15	43.73
C25	Vienna Gambit, with Max Lange Defense: Pierce Gambit	1. e4 e5 2. Nc3 Nc6 3. f4 exf4 4. Nf3 g5 5. d4	187677	46.51	2.73	50.76
C25	Vienna Gambit, with Max Lange Defense: Quelle Gambit	1. e4 e5 2. Nc3 Nc6 3. f4 Bc5 4. fxe5 d6	29038	48.77	3.13	48.1
C25	Vienna Gambit, with Max Lange Defense: Steinitz Gambit	1. e4 e5 2. Nc3 Nc6 3. f4 exf4 4. d4	289158	52.65	3.2	44.15
C25	Vienna Gambit, with Max Lange Defense: Steinitz Gambit, Fraser-Minckwitz Defense	1. e4 e5 2. Nc3 Nc6 3. f4 exf4 4. d4 Qh4+ 5. Ke2 b6	2400	38.71	3.83	57.46
C25	Vienna Gambit, with Max Lange Defense: Steinitz Gambit, Main Line	1. e4 e5 2. Nc3 Nc6 3. f4 exf4 4. d4 Qh4+ 5. Ke2	33289	47.18	3.26	49.56
C25	Vienna Gambit, with Max Lange Defense: Steinitz Gambit, Paulsen Defense	1. e4 e5 2. Nc3 Nc6 3. f4 exf4 4. d4 Qh4+ 5. Ke2 d6	13515	47.91	3.74	48.35
C25	Vienna Gambit, with Max Lange Defense: Steinitz Gambit, Sörensen Defense	1. e4 e5 2. Nc3 Nc6 3. f4 exf4 4. d4 Qh4+ 5. Ke2 g5	1560	48.33	2.56	49.1
C25	Vienna Gambit, with Max Lange Defense: Steinitz Gambit, Zukertort Defense	1. e4 e5 2. Nc3 Nc6 3. f4 exf4 4. d4 Qh4+ 5. Ke2 d5	8468	44.69	2.62	52.69
C25	Vienna Game	1. e4 e5 2. Nc3	126697368	51.28	3.71	45.01
C25	Vienna Game: Anderssen Defense	1. e4 e5 2. Nc3 Bc5	10716379	50.15	3.31	46.54
C25	Vienna Game: Fyfe Gambit	1. e4 e5 2. Nc3 Nc6 3. d4	476257	47.41	3.35	49.23
C25	Vienna Game: Giraffe Attack	1. e4 e5 2. Nc3 Bc5 3. Qg4	90997	53.42	2.68	43.9
C25	Vienna Game: Hamppe-Muzio, Dubois Variation	1. e4 e5 2. Nc3 Nc6 3. f4 exf4 4. Nf3 g5 5. Bc4 g4 6. O-O gxf3 7. Qxf3 Ne5 8. Qxf4 Qf6	313	43.13	3.83	53.04
C25	Vienna Game: Max Lange Defense	1. e4 e5 2. Nc3 Nc6	52060595	50.74	3.72	45.54
C25	Vienna Game: Omaha Gambit	1. e4 e5 2. Nc3 d6 3. f4	1842411	54.94	3.14	41.92
C25	Vienna Game: Paulsen Variation	1. e4 e5 2. Nc3 Nc6 3. g3	1489071	53.97	4.12	41.92
C25	Vienna Game: Paulsen Variation	1. e4 e5 2. Nc3 Nc6 3. g3 Nf6 4. Bg2 Bc5 5. Nge2 d5	6746	56.74	3.28	39.98
C25	Vienna Game: Paulsen Variation, Mariotti Gambit	1. e4 e5 2. Nc3 Nc6 3. g3 Bc5 4. Bg2 h5 5. Nf3 h4	318	36.16	4.09	59.75
C25	Vienna Game: Philidor Countergambit	1. e4 e5 2. Nc3 Nc6 3. d4 f5	9399	51.72	2.72	45.56
C25	Vienna Game: Pierce Gambit, Rushmere Attack	1. e4 e5 2. Nc3 Nc6 3. f4 exf4 4. Nf3 g5 5. d4 g4 6. Bc4 gxf3 7. O-O d5 8. exd5 Bg4 9. dxc6	6	33.33	16.67	50.0
C25	Vienna Game: Stanley Variation, Meitner-Mieses Gambit	1. e4 e5 2. Nc3 Nc6 3. Bc4 Bc5 4. Qg4 Qf6 5. Nd5	817670	69.01	1.99	29.0
C25	Vienna Game: Zhuravlev Countergambit	1. e4 e5 2. Nc3 Bb4 3. Qg4 Nf6	4564	54.25	3.26	42.48
C26	Bishop's Opening: Vienna Hybrid, Spielmann Attack	1. e4 e5 2. Nc3 Nf6 3. Bc4 Bc5 4. d3	2734412	52.61	3.73	43.66
C26	Vienna Game: Falkbeer Variation	1. e4 e5 2. Nc3 Nf6	36287024	51.45	3.85	44.7
C26	Vienna Game: Mengarini Variation	1. e4 e5 2. Nc3 Nf6 3. a3	399396	49.28	3.82	46.91
C26	Vienna Game: Mieses Variation	1. e4 e5 2. Nc3 Nf6 3. g3	1049232	53.24	4.63	42.13
C26	Vienna Game: Mieses Variation, Erben Gambit	1. e4 e5 2. Nc3 Nf6 3. g3 d5 4. exd5 c6	7155	45.7	6.44	47.85
C26	Vienna Game: Paulsen Variation, Pollock Gambit	1. e4 e5 2. Nc3 Nf6 3. g3 Bc5 4. Bg2 Nc6 5. Nge2 d5 6. exd5	3193	60.7	3.16	36.14
C26	Vienna Game: Stanley Variation	1. e4 e5 2. Nc3 Nf6 3. Bc4	7401997	50.93	3.83	45.24
C26	Vienna Game: Stanley Variation, Reversed Spanish	1. e4 e5 2. Nc3 Nf6 3. Bc4 Bb4	2418556	50.78	3.95	45.27
C27	Bishop's Opening: Boden-Kieseritzky Gambit	1. e4 e5 2. Nf3 Nf6 3. Bc4 Nxe4 4. Nc3	642696	56.59	3.58	39.83
C27	Bishop's Opening: Boden-Kieseritzky Gambit, Lichtenhein Defense	1. e4 e5 2. Nf3 Nf6 3. Bc4 Nxe4 4. Nc3 d5	52525	56.57	2.94	40.49
C27	Vienna Game: Adams' Gambit	1. e4 e5 2. Nc3 Nf6 3. Bc4 Nxe4 4. Qh5 Nd6 5. Bb3 Nc6 6. d4	174	56.32	3.45	40.23
C27	Vienna Game: Frankenstein-Dracula Variation	1. e4 e5 2. Nc3 Nf6 3. Bc4 Nxe4	1113579	46.24	3.99	49.78
C27	Vienna Game: Stanley Variation, Alekhine Variation	1. e4 e5 2. Nc3 Nf6 3. Bc4 Nxe4 4. Qh5 Nd6 5. Bb3 Be7 6. Nf3 Nc6 7. Nxe5	7832	47.14	10.55	42.31
C27	Vienna Game: Stanley Variation, Frankenstein-Dracula Variation	1. e4 e5 2. Nc3 Nf6 3. Bc4 Nxe4 4. Qh5 Nd6 5. Bb3 Nc6 6. Nb5 g6 7. Qf3 f5 8. Qd5 Qe7 9. Nxc7+ Kd8 10. Nxa8 b6	9548	52.95	3.6	43.44
C27	Vienna Game: Stanley Variation, Monster Declined	1. e4 e5 2. Nc3 Nf6 3. Bc4 Nxe4 4. Qh5 Nd6 5. Bb3 Be7	33569	49.99	6.92	43.09
C28	Bishop's Opening: Vienna Hybrid, Hromádka Variation	1. e4 e5 2. Nc3 Nc6 3. Bc4 Nf6 4. d3 Bb4 5. Ne2	513968	55.16	4.14	40.7
C28	Vienna Game: Stanley Variation, Bronstein Gambit	1. e4 e5 2. Nc3 Nc6 3. Bc4 Nf6 4. f4 Nxe4 5. Nf3	7167	49.59	3.39	47.02
C28	Vienna Game: Stanley Variation, Three Knights Variation	1. e4 e5 2. Nc3 Nc6 3. Bc4 Nf6	10626534	50.66	3.68	45.65
C29	Vienna Game: Heyde Variation	1. e4 e5 2. Nc3 Nf6 3. f4 d5 4. fxe5 Nxe4 5. Qf3 f5 6. d4	9535	41.64	3.75	54.61
C29	Vienna Game: Vienna Gambit	1. e4 e5 2. Nc3 Nf6 3. f4	10996654	56.71	3.38	39.92
C29	Vienna Game: Vienna Gambit, Bardeleben Variation	1. e4 e5 2. Nc3 Nf6 3. f4 d5 4. fxe5 Nxe4 5. Qf3 f5	87158	43.78	4.1	52.12
C29	Vienna Game: Vienna Gambit, Breyer Variation	1. e4 e5 2. Nc3 Nf6 3. f4 d5 4. fxe5 Nxe4 5. Nf3 Be7	45856	46.94	5.84	47.22
C29	Vienna Game: Vienna Gambit, Kaufmann Variation	1. e4 e5 2. Nc3 Nf6 3. f4 d5 4. fxe5 Nxe4 5. Nf3 Bg4 6. Qe2	8970	57.39	4.34	38.27
C29	Vienna Game: Vienna Gambit, Main Line	1. e4 e5 2. Nc3 Nf6 3. f4 d5	2163807	48.84	4.23	46.94
C29	Vienna Game: Vienna Gambit, Modern Variation	1. e4 e5 2. Nc3 Nf6 3. f4 d5 4. fxe5 Nxe4 5. d3	131860	52.87	5.09	42.04
C29	Vienna Game: Vienna Gambit, Paulsen Attack	1. e4 e5 2. Nc3 Nf6 3. f4 d5 4. fxe5 Nxe4 5. Qf3	663285	51.16	4.55	44.29
C29	Vienna Game: Vienna Gambit, Steinitz Variation	1. e4 e5 2. Nc3 Nf6 3. f4 d5 4. d3	39440	47.25	4.27	48.48
C29	Vienna Game: Vienna Gambit, Wurzburger Trap	1. e4 e5 2. Nc3 Nf6 3. f4 d5 4. fxe5 Nxe4 5. d3 Qh4+ 6. g3 Nxg3 7. Nf3 Qh5 8. Nxd5	23469	67.56	3.14	29.3
C30	King's Gambit	1. e4 e5 2. f4	110302265	52.44	3.02	44.54
C30	King's Gambit Declined: Classical Variation	1. e4 e5 2. f4 Bc5	4001242	49.68	2.82	47.51
C30	King's Gambit Declined: Classical Variation	1. e4 e5 2. f4 Bc5 3. Nf3 d6 4. c3	464023	48.85	3.43	47.73
C30	King's Gambit Declined: Classical Variation, Euwe Attack	1. e4 e5 2. f4 Bc5 3. Nf3 d6 4. c3 Bg4 5. fxe5 dxe5 6. Qa4+	2002	59.09	3.3	37.61
C30	King's Gambit Declined: Classical Variation, Rubinstein Countergambit	1. e4 e5 2. f4 Bc5 3. Nf3 d6 4. c3 f5	6152	46.9	3.77	49.33
C30	King's Gambit Declined: Classical, Réti Variation	1. e4 e5 2. f4 Bc5 3. Nf3 d6 4. c3 f5 5. fxe5 dxe5 6. d4 exd4 7. Bc4	8	75.0	0.0	25.0
C30	King's Gambit Declined: Classical, Soldatenkov Variation	1. e4 e5 2. f4 Bc5 3. Nf3 d6 4. fxe5	235009	45.24	3.11	51.65
C30	King's Gambit Declined: Classical, Svenonius Variation	1. e4 e5 2. Bc4 Nc6 3. Nc3 Nf6 4. d3 Bc5 5. f4 d6 6. Nf3 Bg4 7. h3 Bxf3 8. Qxf3 exf4	3284	47.62	4.72	47.66
C30	King's Gambit Declined: Hobbs-Zilbermints Gambit	1. e4 e5 2. f4 Nc6 3. Nf3 g5 4. fxg5 h6	665	52.03	3.16	44.81
C30	King's Gambit Declined: Keene Defense	1. e4 e5 2. f4 Qh4+ 3. g3 Qe7	591841	51.31	3.26	45.43
C30	King's Gambit Declined: Keene's Defense	1. e4 e5 2. f4 Qh4+	1487053	54.77	2.91	42.32
C30	King's Gambit Declined: Keene's Defense	1. e4 e5 2. f4 Qh4+ 3. g3	1457313	55.18	2.89	41.93
C30	King's Gambit Declined: Mafia Defense	1. e4 c5 2. f4 e5	489908	46.3	3.02	50.68
C30	King's Gambit Declined: Miles Defense	1. e4 e5 2. f4 Nc6 3. Nf3 f5	579855	42.46	2.73	54.81
C30	King's Gambit Declined: Norwalde Variation, Bücker Gambit	1. e4 e5 2. f4 Qf6 3. Nc3 Qxf4 4. Nf3 Bb4 5. Bc4	2800	52.75	2.79	44.46
C30	King's Gambit Declined: Norwalde Variation, Schubert Variation	1. e4 e5 2. f4 Qf6 3. Nc3 Qxf4 4. d4	4567	67.72	2.26	30.02
C30	King's Gambit Declined: Panteldakis Countergambit, Greco Variation	1. e4 e5 2. f4 f5 3. exf5 Qh4+	20477	57.44	3.39	39.18
C30	King's Gambit Declined: Panteldakis Countergambit, Pawn Sacrifice Line	1. e4 e5 2. f4 f5 3. exf5 exf4 4. Qh5+ g6 5. fxg6 Qe7+ 6. Kd1	513	68.42	1.56	30.02
C30	King's Gambit Declined: Panteldakis Countergambit, Shirazi Line	1. e4 e5 2. f4 f5 3. exf5 exf4 4. Qh5+ Ke7	25096	61.85	2.49	35.67
C30	King's Gambit Declined: Panteldakis Countergambit, Symmetrical Variation	1. e4 e5 2. f4 f5 3. exf5 exf4 4. Nf3 d5 5. d4 Bd6 6. Bd3	1928	49.9	4.3	45.8
C30	King's Gambit Declined: Petrov's Defense	1. e4 e5 2. f4 Nf6	3769958	52.6	2.63	44.77
C30	King's Gambit Declined: Queen's Knight Defense	1. e4 e5 2. f4 Nc6	26858737	52.12	2.91	44.97
C30	King's Gambit Declined: Soller-Zilbermints Gambit	1. e4 e5 2. f4 f6 3. fxe5 Nc6	11848	54.51	2.85	42.64
C31	King's Gambit Declined: Falkbeer Countergambit	1. e4 e5 2. f4 d5	10310116	47.31	3.4	49.29
C31	King's Gambit Declined: Falkbeer Countergambit Accepted	1. e4 e5 2. f4 d5 3. exd5	6189169	48.36	3.59	48.06
C31	King's Gambit Declined: Falkbeer Countergambit, Anderssen Attack	1. e4 e5 2. f4 d5 3. exd5 e4 4. Bb5+	63678	43.43	3.51	53.05
C31	King's Gambit Declined: Falkbeer Countergambit, Blackburne Attack	1. e4 e5 2. f4 d5 3. Nf3	2336549	48.42	3.01	48.57
C31	King's Gambit Declined: Falkbeer Countergambit, Charousek Gambit	1. e4 e5 2. f4 d5 3. exd5 e4 4. d3	802778	48.7	4.16	47.14
C31	King's Gambit Declined: Falkbeer Countergambit, Charousek Gambit, Morphy Defense	1. e4 e5 2. Nc3 Nf6 3. f4 d5 4. exd5 e4 5. d3 Bb4 6. Bd2 e3	50637	37.39	3.68	58.93
C31	King's Gambit Declined: Falkbeer Countergambit, Hinrichsen Gambit	1. e4 e5 2. f4 d5 3. d4	241760	48.89	3.47	47.64
C31	King's Gambit Declined: Falkbeer Countergambit, Miles Gambit	1. e4 e5 2. f4 d5 3. exd5 Bc5	49750	47.79	2.57	49.64
C31	King's Gambit Declined: Falkbeer Countergambit, Milner-Barry Variation	1. e4 e5 2. f4 d5 3. Nc3	444017	47.9	3.33	48.76
C31	King's Gambit Declined: Falkbeer Countergambit, Modern Transfer	1. e4 e5 2. f4 d5 3. exd5 exf4	2000810	48.05	3.85	48.1
C31	King's Gambit Declined: Falkbeer Countergambit, Nimzowitsch-Marshall Countergambit	1. e4 e5 2. f4 d5 3. exd5 c6	332654	39.36	3.1	57.55
C31	King's Gambit Declined: Falkbeer Countergambit, Pickler Gambit	1. e4 e5 2. f4 d5 3. exd5 c6 4. dxc6 Bc5	14320	42.83	2.33	54.85
C31	King's Gambit Declined: Falkbeer Countergambit, Rubinstein Variation	1. e4 e5 2. f4 d5 3. exd5 e4 4. Nc3 Nf6 5. Qe2	71773	45.57	2.79	51.64
C31	King's Gambit Declined: Falkbeer Countergambit, Staunton Line	1. e4 e5 2. f4 d5 3. exd5 e4	2473917	46.17	3.35	50.48
C31	Van Geet Opening: Grünfeld Defense, Steiner Gambit	1. e4 e5 2. f4 d5 3. Nc3 dxe4 4. Nxe4	125617	47.7	3.78	48.52
C32	King's Gambit Declined: Falkbeer Countergambit, Alapin Variation	1. e4 e5 2. f4 d5 3. exd5 e4 4. d3 Nf6 5. dxe4 Nxe4 6. Nf3 Bc5 7. Qe2 Bf2+ 8. Kd1 Qxd5+ 9. Nfd2	2434	73.5	2.71	23.79
C32	King's Gambit Declined: Falkbeer Countergambit, Charousek Gambit	1. e4 e5 2. f4 d5 3. exd5 e4 4. d3 Nf6 5. dxe4 Nxe4 6. Qe2	33120	47.64	4.73	47.62
C32	King's Gambit Declined: Falkbeer Countergambit, Charousek Gambit Accepted	1. e4 e5 2. f4 d5 3. exd5 e4 4. d3 Nf6 5. dxe4	252464	48.88	4.05	47.07
C32	King's Gambit Declined: Falkbeer Countergambit, Charousek Gambit, Keres Variation	1. e4 e5 2. f4 d5 3. exd5 e4 4. d3 Nf6 5. Nd2	11204	51.54	3.69	44.77
C32	King's Gambit Declined: Falkbeer Countergambit, Charousek Gambit, Main Line	1. e4 e5 2. f4 d5 3. exd5 e4 4. d3 Nf6 5. dxe4 Nxe4 6. Nf3 Bc5 7. Qe2 Bf5	11768	48.89	4.98	46.13
C32	King's Gambit Declined: Falkbeer Countergambit, Charousek Gambit, Old Line	1. e4 e5 2. f4 d5 3. exd5 e4 4. d3 Nf6 5. Qe2	14491	48.82	3.84	47.35
C32	King's Gambit Declined: Falkbeer Countergambit, Charousek Variation	1. e4 e5 2. f4 d5 3. exd5 e4 4. d3 Nf6 5. dxe4 Nxe4 6. Qe2 Qxd5 7. Nd2 f5 8. g4	167	47.9	3.59	48.5
C33	King's Gambit Accepted	1. e4 e5 2. f4 exf4	44830648	52.93	3.02	44.04
C33	King's Gambit Accepted: Bishop's Gambit	1. e4 e5 2. f4 exf4 3. Bc4	2837883	54.44	2.99	42.57
C33	King's Gambit Accepted: Bishop's Gambit, Anderssen Defense	1. e4 e5 2. f4 exf4 3. Bc4 g5	259673	55.16	2.79	42.04
C33	King's Gambit Accepted: Bishop's Gambit, Anderssen Variation	1. e4 e5 2. f4 exf4 3. Bc4 d5 4. Bxd5 c6	13971	57.6	3.26	39.15
C33	King's Gambit Accepted: Bishop's Gambit, Bledow Countergambit	1. e4 e5 2. f4 exf4 3. Bc4 d5 4. Bxd5 Nf6	39095	52.82	4.41	42.77
C33	King's Gambit Accepted: Bishop's Gambit, Bledow Variation	1. e4 e5 2. f4 exf4 3. Bc4 d5	95996	52.72	3.79	43.49
C33	King's Gambit Accepted: Bishop's Gambit, Boden Variation	1. e4 e5 2. f4 exf4 3. Bc4 Qh4+ 4. Kf1 Nc6	53574	50.95	3.03	46.01
C33	King's Gambit Accepted: Bishop's Gambit, Bogoljubow Defense	1. e4 e5 2. f4 exf4 3. Bc4 Nf6 4. Nc3 c6	44112	49.22	4.37	46.41
C33	King's Gambit Accepted: Bishop's Gambit, Bogoljubow Variation	1. e4 e5 2. f4 exf4 3. Bc4 Nf6 4. Nc3	213149	56.33	3.44	40.23
C33	King's Gambit Accepted: Bishop's Gambit, Boren-Svenonius Variation	1. e4 e5 2. f4 exf4 3. Bc4 d5 4. Bxd5 Qh4+ 5. Kf1 Bd6	1058	55.1	2.93	41.97
C33	King's Gambit Accepted: Bishop's Gambit, Chigorin's Attack	1. e4 e5 2. f4 exf4 3. Bc4 Qh4+ 4. Kf1 d5 5. Bxd5 g5 6. g3	4	75.0	0.0	25.0
C33	King's Gambit Accepted: Bishop's Gambit, Classical Defense	1. e4 e5 2. f4 exf4 3. Bc4 Qh4+ 4. Kf1 Ne7 5. Nc3 g5 6. d4 Bg7	30	53.33	3.33	43.33
C33	King's Gambit Accepted: Bishop's Gambit, Classical Defense, Cozio Attack	1. e4 e5 2. f4 exf4 3. Bc4 Qh4+ 4. Kf1 g5 5. Qf3	90	46.67	3.33	50.0
C33	King's Gambit Accepted: Bishop's Gambit, Cozio Defense	1. e4 e5 2. f4 exf4 3. Bc4 Nf6	397020	54.34	3.26	42.41
C33	King's Gambit Accepted: Bishop's Gambit, Cozio Variation	1. e4 e5 2. f4 exf4 3. Bc4 Qh4+ 4. Kf1 d6	71378	49.2	3.3	47.5
C33	King's Gambit Accepted: Bishop's Gambit, First Jaenisch Variation	1. e4 e5 2. f4 exf4 3. Bc4 Qh4+ 4. Kf1 Nf6	108190	52.88	2.7	44.42
C33	King's Gambit Accepted: Bishop's Gambit, Fraser Variation	1. e4 e5 2. f4 exf4 3. Bc4 Qh4+ 4. Kf1 g5 5. Nc3 Bg7 6. g3 fxg3 7. Qf3	2	50.0	0.0	50.0
C33	King's Gambit Accepted: Bishop's Gambit, Greco Variation	1. e4 e5 2. f4 exf4 3. Bc4 Qh4+ 4. Kf1 Bc5	202361	56.63	2.16	41.21
C33	King's Gambit Accepted: Bishop's Gambit, Grimm Attack	1. e4 e5 2. f4 exf4 3. Bc4 Qh4+ 4. Kf1 g5 5. Nc3 Bg7 6. d4 d6 7. e5	1	0.0	0.0	100.0
C33	King's Gambit Accepted: Bishop's Gambit, Lopez Variation	1. e4 e5 2. f4 exf4 3. Bc4 Qh4+ 4. Kf1 g5	19590	54.48	2.75	42.77
C33	King's Gambit Accepted: Bishop's Gambit, Maurian Defense	1. e4 e5 2. f4 exf4 3. Bc4 Nc6	351062	54.67	2.85	42.49
C33	King's Gambit Accepted: Bishop's Gambit, McDonnell Attack	1. e4 e5 2. f4 exf4 3. Bc4 Qh4+ 4. Kf1 g5 5. Nc3 Bg7 6. d4 Ne7 7. g3	24	66.67	8.33	25.0
C33	King's Gambit Accepted: Bishop's Gambit, McDonnell Attack	1. e4 e5 2. f4 exf4 3. Bc4 Qh4+ 4. Kf1 g5 5. Nc3 Bg7 6. g3	10	60.0	0.0	40.0
C33	King's Gambit Accepted: Bishop's Gambit, Paulsen Attack	1. e4 e5 2. f4 exf4 3. Bc4 Nf6 4. Nc3 Bb4 5. e5	21508	57.68	3.22	39.11
C33	King's Gambit Accepted: Breyer Gambit	1. e4 e5 2. f4 exf4 3. Qf3	97657	49.65	3.61	46.75
C33	King's Gambit Accepted: Gaga Gambit	1. e4 e5 2. f4 exf4 3. g3	96156	32.53	4.67	62.8
C33	King's Gambit Accepted: Lopez-Gianutio Countergambit, Hein Variation	1. e4 e5 2. f4 exf4 3. Bc4 f5 4. Qe2 Qh4+ 5. Kd1 fxe4 6. Nc3 Kd8	1	100.0	0.0	0.0
C33	King's Gambit Accepted: Mason-Keres Gambit	1. e4 e5 2. f4 exf4 3. Nc3	216314	52.49	3.13	44.37
C33	King's Gambit Accepted: Tartakower Gambit, Weiss Defense	1. e4 e5 2. f4 exf4 3. Be2 f5 4. exf5 d6	14	28.57	0.0	71.43
C33	King's Gambit Accepted: Villemson Gambit	1. e4 e5 2. f4 exf4 3. d4	1469595	49.34	3.24	47.42
C34	King's Gambit Accepted: Becker Defense	1. e4 e5 2. f4 exf4 3. Nf3 h6	1479194	50.66	3.1	46.24
C34	King's Gambit Accepted: Fischer Defense	1. e4 e5 2. f4 exf4 3. Nf3 d6	6126268	53.0	3.27	43.72
C34	King's Gambit Accepted: Fischer Defense, Spanish Variation	1. e4 e5 2. f4 exf4 3. Nf3 d6 4. d4 Nf6 5. Bd3	146188	57.41	2.89	39.7
C34	King's Gambit Accepted: Greco Gambit	1. e4 e5 2. f4 exf4 3. Nf3 d6 4. Bc4 h6 5. d4 g5 6. h4 Bg7	35562	43.92	3.84	52.23
C34	King's Gambit Accepted: King's Knight's Gambit	1. e4 e5 2. f4 exf4 3. Nf3 g5	6860033	50.41	2.73	46.86
C34	King's Gambit Accepted: King's Knight's Gambit	1. e4 e5 2. f4 exf4 3. Nf3	39414855	53.21	3.0	43.79
C34	King's Gambit Accepted: MacLeod Defense	1. e4 e5 2. f4 exf4 3. Nf3 Nc6	6713459	55.46	2.93	41.61
C34	King's Gambit Accepted: Schallopp Defense	1. e4 e5 2. f4 exf4 3. Nf3 Nf6	4290654	55.23	3.0	41.77
C34	King's Gambit Accepted: Schallopp Defense, Tashkent Attack	1. e4 e5 2. f4 exf4 3. Nf3 Nf6 4. e5 Nh5 5. g4	1136	51.14	3.52	45.33
C35	King's Gambit Accepted: Cunningham Defense	1. e4 e5 2. f4 exf4 3. Nf3 Be7	3795838	47.72	2.97	49.31
C35	King's Gambit Accepted: Cunningham Defense, Bertin Gambit	1. e4 e5 2. f4 exf4 3. Nf3 Be7 4. Bc4 Bh4+ 5. g3	524938	55.92	2.75	41.33
C35	King's Gambit Accepted: Cunningham Defense, Bertin Gambit	1. e4 e5 2. f4 exf4 3. Nf3 Be7 4. Bc4 Bh4+ 5. g3 fxg3 6. O-O gxh2+ 7. Kh1	292341	59.96	2.78	37.26
C35	King's Gambit Accepted: Cunningham Defense, McCormick Defense	1. e4 e5 2. f4 exf4 3. Nf3 Be7 4. Bc4 Nf6	220272	47.65	3.65	48.7
C36	King's Gambit Accepted: Abbazia Defense	1. e4 e5 2. f4 exf4 3. Nf3 d5 4. exd5 Nf6	1336060	46.13	4.3	49.57
C36	King's Gambit Accepted: Abbazia Defense, Main Line	1. e4 e5 2. f4 exf4 3. Nf3 d5 4. exd5 Nf6 5. Bb5+ c6 6. dxc6 bxc6 7. Bc4 Nd5	521	46.07	6.72	47.22
C36	King's Gambit Accepted: Modern Defense	1. e4 e5 2. f4 exf4 3. Nf3 d5	3968900	51.55	3.42	45.03
C36	King's Gambit Accepted: Modern Defense	1. e4 e5 2. f4 exf4 3. Nf3 d5 4. exd5	2722697	53.57	3.55	42.88
C37	King's Gambit Accepted: Blachly Gambit	1. e4 e5 2. f4 exf4 3. Nf3 Nc6 4. Bc4 g5	599004	48.76	2.38	48.85
C37	King's Gambit Accepted: Double Muzio Gambit	1. e4 e5 2. f4 exf4 3. Nf3 g5 4. Bc4 g4 5. O-O gxf3 6. Qxf3 Qf6 7. e5 Qxe5 8. Bxf7+	38854	61.43	2.1	36.48
C37	King's Gambit Accepted: Double Muzio Gambit, Baldwin Gambit	1. e4 e5 2. f4 exf4 3. Nf3 g5 4. Bc4 g4 5. O-O gxf3 6. Qxf3 Qf6 7. Nc3 Qd4+ 8. Kh1 Qxc4 9. Nd5	962	56.24	1.77	42.0
C37	King's Gambit Accepted: Double Muzio Gambit, Bello Gambit	1. e4 e5 2. f4 exf4 3. Nf3 g5 4. Bc4 g4 5. O-O gxf3 6. Qxf3 Qf6 7. Nc3	33163	50.54	2.05	47.4
C37	King's Gambit Accepted: Double Muzio Gambit, Paulsen Defense	1. e4 e5 2. f4 exf4 3. Nf3 g5 4. Bc4 g4 5. O-O gxf3 6. Qxf3 Qf6 7. e5 Qxe5 8. d3 Bh6 9. Nc3 Ne7 10. Bd2 Nbc6 11. Rae1	1455	45.91	2.68	51.41
C37	King's Gambit Accepted: Double Muzio Gambit, Young Gambit	1. e4 e5 2. f4 exf4 3. Nf3 g5 4. Bc4 g4 5. O-O gxf3 6. Qxf3 Qf6 7. Bxf7+ Kxf7 8. d4 Qxd4+ 9. Be3 Qf6 10. Nc3 fxe3	18	83.33	0.0	16.67
C37	King's Gambit Accepted: Ghulam-Kassim Gambit	1. e4 e5 2. f4 exf4 3. Nf3 g5 4. Bc4 g4 5. d4	27611	57.0	2.19	40.82
C37	King's Gambit Accepted: Ghulam-Kassim Gambit	1. e4 e5 2. f4 exf4 3. Nf3 g5 4. Bc4 g4 5. d4 gxf3 6. Qxf3	88921	55.34	2.31	42.35
C37	King's Gambit Accepted: King's Knight's Gambit	1. e4 e5 2. f4 exf4 3. Nf3 g5 4. Bc4	3729283	50.3	2.63	47.07
C37	King's Gambit Accepted: Kotov Gambit	1. e4 e5 2. f4 exf4 3. Nf3 g5 4. Bc4 g4 5. d4 gxf3 6. Bxf4	762	50.13	2.62	47.24
C37	King's Gambit Accepted: Lolli Gambit	1. e4 e5 2. f4 exf4 3. Nf3 g5 4. Bc4 g4 5. Bxf7+	168391	56.28	2.22	41.5
C37	King's Gambit Accepted: Lolli Gambit, Young Variation	1. e4 e5 2. f4 exf4 3. Nf3 g5 4. Bc4 g4 5. Bxf7+ Kxf7 6. O-O gxf3 7. Qxf3 Qf6 8. d4 Qxd4+ 9. Be3 Qf6 10. Nc3	92	72.83	2.17	25.0
C37	King's Gambit Accepted: McDonnell Gambit	1. e4 e5 2. f4 exf4 3. Nf3 g5 4. Bc4 g4 5. Nc3	5115	59.32	2.23	38.46
C37	King's Gambit Accepted: Middleton Countergambit	1. e4 e5 2. f4 exf4 3. Nf3 g5 4. Bc4 d6 5. O-O Bg4 6. h3 h5 7. hxg4 hxg4	282	35.82	0.35	63.83
C37	King's Gambit Accepted: Muzio Gambit, Brentano Defense	1. e4 e5 2. f4 exf4 3. Nf3 g5 4. Bc4 g4 5. O-O d5	2502	54.36	2.56	43.09
C37	King's Gambit Accepted: Muzio Gambit, Holloway Defense	1. e4 e5 2. f4 exf4 3. Nf3 g5 4. Bc4 g4 5. O-O gxf3 6. Qxf3 Nc6	12865	63.89	1.97	34.14
C37	King's Gambit Accepted: Muzio Gambit, Sarratt Defense	1. e4 e5 2. f4 exf4 3. Nf3 g5 4. Bc4 g4 5. O-O gxf3 6. Qxf3 Qf6	310512	49.61	2.6	47.8
C37	King's Gambit Accepted: Quaade Gambit	1. e4 e5 2. f4 exf4 3. Nf3 g5 4. Nc3	162069	52.56	3.13	44.31
C37	King's Gambit Accepted: Rosentreter Gambit	1. e4 e5 2. f4 exf4 3. Nf3 g5 4. d4	1037401	48.44	2.64	48.92
C37	King's Gambit Accepted: Rosentreter Gambit, Bird Gambit	1. e4 e5 2. f4 exf4 3. Nf3 g5 4. d4 g4 5. Ne5 Qh4+ 6. g3	66617	37.0	2.91	60.1
C37	King's Gambit Accepted: Rosentreter Gambit, Sörensen Gambit	1. e4 e5 2. f4 exf4 3. Nf3 g5 4. d4 g4 5. Nc3	1669	53.27	2.52	44.22
C37	King's Gambit Accepted: Rosentreter Gambit, Testa Variation	1. e4 e5 2. f4 exf4 3. Nf3 g5 4. d4 g4 5. Bxf4	56882	55.33	2.53	42.13
C37	King's Gambit Accepted: Salvio Gambit	1. e4 e5 2. f4 exf4 3. Nf3 g5 4. Bc4 g4 5. Ne5	444286	42.42	2.27	55.31
C37	King's Gambit Accepted: Salvio Gambit, Anderssen Counterattack	1. e4 e5 2. f4 exf4 3. Nf3 g5 4. Bc4 g4 5. Ne5 Qh4+ 6. Kf1 Nh6 7. d4 d6	93995	39.96	2.24	57.8
C37	King's Gambit Accepted: Salvio Gambit, Cochrane Gambit	1. e4 e5 2. f4 exf4 3. Nf3 g5 4. Bc4 g4 5. Ne5 Qh4+ 6. Kf1 f3	20933	37.44	2.11	60.45
C37	King's Gambit Accepted: Salvio Gambit, Santa Maria Defense	1. e4 e5 2. f4 exf4 3. Nf3 g5 4. Bc4 g4 5. Ne5 Qh4+ 6. Kf1 Nf6	12083	35.65	1.7	62.65
C37	King's Gambit Accepted: Salvio Gambit, Silberschmidt Defense	1. e4 e5 2. f4 exf4 3. Nf3 g5 4. Bc4 g4 5. Ne5 Qh4+ 6. Kf1 Nh6	144965	39.09	2.28	58.63
C37	King's Gambit Accepted: Salvio Gambit, Viennese Variation	1. e4 e5 2. f4 exf4 3. Nf3 g5 4. Bc4 g4 5. Ne5 Qh4+ 6. Kf1 Nc6	34660	30.26	2.09	67.65
C37	King's Gambit Accepted: Silberschmidt Gambit	1. e4 e5 2. f4 exf4 3. Nf3 g5 4. Bc4 g4 5. Ne5 Qh4+ 6. Kf1 Nh6 7. d4 f3	8386	30.74	2.04	67.22
C37	King's Gambit Accepted: Sörensen Gambit	1. e4 e5 2. f4 exf4 3. Nf3 g5 4. d4 g4 5. Ne5	235272	41.1	2.45	56.45
C38	King's Gambit Accepted: Mayet Gambit	1. e4 e5 2. f4 exf4 3. Nf3 g5 4. Bc4 Bg7 5. d4 d6 6. c3	62953	44.84	3.23	51.93
C38	King's Gambit Accepted: Philidor Gambit	1. e4 e5 2. f4 exf4 3. Nf3 g5 4. Bc4 Bg7 5. h4	59837	47.77	3.34	48.89
C38	King's Gambit Accepted: Philidor Gambit, Schultz Variation	1. e4 e5 2. f4 exf4 3. Nf3 h6 4. Bc4 d6 5. d4 g5 6. h4 Bg7 7. Qd3	1035	61.45	3.86	34.69
C38	King's Gambit Accepted: Traditional Variation	1. e4 e5 2. f4 exf4 3. Nf3 g5 4. Bc4 Bg7	690909	43.3	3.14	53.56
C39	King's Gambit Accepted: Allgaier Gambit	1. e4 e5 2. f4 exf4 3. Nf3 g5 4. h4 g4 5. Ng5	372744	53.58	2.53	43.89
C39	King's Gambit Accepted: Allgaier Gambit, Thorold Attack	1. e4 e5 2. f4 exf4 3. Nf3 g5 4. h4 g4 5. Ng5 h6 6. Nxf7 Kxf7 7. d4	8339	61.34	2.99	35.68
C39	King's Gambit Accepted: Allgaier Gambit, Urusov Attack	1. e4 e5 2. f4 exf4 3. Nf3 g5 4. h4 g4 5. Ng5 h6 6. Nxf7 Kxf7 7. Bc4+	57926	54.84	2.41	42.75
C39	King's Gambit Accepted: Allgaier, Blackburne Gambit	1. e4 e5 2. f4 exf4 3. Nf3 g5 4. h4 g4 5. Ng5 h6 6. Nxf7 Kxf7 7. Nc3	2008	59.21	2.14	38.65
C39	King's Gambit Accepted: Allgaier, Cook Variation	1. e4 e5 2. f4 exf4 3. Nf3 g5 4. h4 g4 5. Ng5 h6 6. Nxf7 Kxf7 7. d4 d5 8. Bxf4 dxe4 9. Bc4+ Kg7 10. Be5+	377	45.62	2.92	51.46
C39	King's Gambit Accepted: Allgaier, Horny Defense	1. e4 e5 2. f4 exf4 3. Nf3 g5 4. h4 g4 5. Ng5 h6 6. Nxf7 Kxf7 7. Qxg4 Nf6 8. Qxf4 Bd6	11883	35.13	2.01	62.85
C39	King's Gambit Accepted: Allgaier, Schlechter Defense	1. e4 e5 2. f4 exf4 3. Nf3 g5 4. h4 g4 5. Ng5 Nf6	12776	44.97	2.19	52.84
C39	King's Gambit Accepted: Allgaier, Urusov Attack	1. e4 e5 2. f4 exf4 3. Nf3 g5 4. h4 g4 5. Ng5 h6 6. Nxf7 Kxf7 7. Bc4+ d5 8. Bxd5+ Kg7 9. d4	3575	50.49	2.91	46.6
C39	King's Gambit Accepted: Kieseritzky Gambit	1. e4 e5 2. f4 exf4 3. Nf3 g5 4. h4 g4 5. Ne5	626195	50.62	3.14	46.24
C39	King's Gambit Accepted: Kieseritzky Gambit, Anderssen Defense	1. e4 e5 2. f4 exf4 3. Nf3 g5 4. h4 g4 5. Ne5 Nf6 6. Bc4 d5 7. exd5 Bd6	12977	43.63	2.63	53.74
C39	King's Gambit Accepted: Kieseritzky Gambit, Anderssen-Cordel Gambit	1. e4 e5 2. f4 exf4 3. Nf3 g5 4. h4 g4 5. Ne5 Nf6 6. Bc4 d5 7. exd5 Bd6 8. d4 Nh5 9. Bxf4 Nxf4	88	37.5	2.27	60.23
C39	King's Gambit Accepted: Kieseritzky Gambit, Berlin Defense	1. e4 e5 2. f4 exf4 3. Nf3 g5 4. h4 g4 5. Ne5 Nf6	61124	40.93	3.2	55.87
C39	King's Gambit Accepted: Kieseritzky Gambit, Berlin Defense, Rubinstein Variation	1. e4 e5 2. f4 exf4 3. Nf3 g5 4. h4 g4 5. Ne5 Nf6 6. d4	5616	43.45	3.67	52.88
C39	King's Gambit Accepted: Kieseritzky Gambit, Berlin Defense, de Riviere Variation	1. e4 e5 2. f4 exf4 3. Nf3 g5 4. h4 g4 5. Ne5 Nf6 6. Nxg4 d5	2574	39.67	3.11	57.23
C39	King's Gambit Accepted: Kieseritzky Gambit, Brentano Defense	1. e4 e5 2. f4 exf4 3. Nf3 g5 4. h4 g4 5. Ne5 d5	15428	51.03	3.38	45.59
C39	King's Gambit Accepted: Kieseritzky Gambit, Brentano Defense	1. e4 e5 2. f4 exf4 3. Nf3 g5 4. h4 g4 5. Ne5 d5 6. d4 Nf6 7. Bxf4	434	60.6	3.0	36.41
C39	King's Gambit Accepted: Kieseritzky Gambit, Brentano Defense, Caro Variation	1. e4 e5 2. f4 exf4 3. Nf3 g5 4. h4 g4 5. Ne5 d5 6. d4 Nf6 7. Bxf4 Nxe4 8. Nd2	63	76.19	3.17	20.63
C39	King's Gambit Accepted: Kieseritzky Gambit, Cotter Gambit	1. e4 e5 2. f4 exf4 3. Nf3 g5 4. h4 g4 5. Ng5 h6 6. Nxf7	176286	52.51	2.6	44.89
C39	King's Gambit Accepted: Kieseritzky Gambit, Kolisch Defense	1. e4 e5 2. f4 exf4 3. Nf3 g5 4. h4 g4 5. Ne5 d6	208195	48.32	3.37	48.3
C39	King's Gambit Accepted: Kieseritzky Gambit, Long Whip	1. e4 e5 2. f4 exf4 3. Nf3 g5 4. h4 g4 5. Ne5 h5	223704	55.24	2.92	41.84
C39	King's Gambit Accepted: Kieseritzky Gambit, Paulsen Defense Deferred	1. e4 e5 2. f4 exf4 3. Nf3 g5 4. h4 g4 5. Ne5 Nf6 6. Bc4 d5 7. exd5 Bg7	971	23.17	3.3	73.53
C39	King's Gambit Accepted: Kieseritzky Gambit, Rice Gambit	1. e4 e5 2. f4 exf4 3. Nf3 g5 4. h4 g4 5. Ne5 Nf6 6. Bc4 d5 7. exd5 Bd6 8. O-O Bxe5	144	37.5	4.86	57.64
C39	King's Gambit Accepted: Kieseritzky Gambit, Rosenthal Defense	1. e4 e5 2. f4 exf4 3. Nf3 g5 4. h4 g4 5. Ne5 Qe7	30198	42.76	4.19	53.05
C39	King's Gambit Accepted: Kieseritzky, Long Whip Defense, Jaenisch Variation	1. e4 e5 2. f4 exf4 3. Nf3 g5 4. h4 g4 5. Ne5 h5 6. Bc4 Rh7 7. d4 Bh6 8. Nc3	1889	56.59	2.65	40.76
C39	King's Gambit Accepted: Kieseritzky, Polerio Defense	1. e4 e5 2. f4 exf4 3. Nf3 g5 4. h4 g4 5. Ne5 Be7	13621	47.93	2.91	49.17
C39	King's Gambit Accepted: Kieseritzky, Salvio Defense, Cozio Variation	1. e4 e5 2. f4 exf4 3. Nf3 g5 4. h4 g4 5. Ne5 Qe7 6. d4 f5 7. Bc4	55	58.18	0.0	41.82
C39	King's Gambit Accepted: King's Knight's Gambit	1. e4 e5 2. f4 exf4 3. Nf3 g5 4. h4	1377335	53.36	2.92	43.72
C40	Elephant Gambit	1. e4 e5 2. Nf3 d5	24137494	48.6	3.49	47.91
C40	Elephant Gambit: Maróczy Gambit	1. e4 e5 2. Nf3 d5 3. exd5 Bd6	450335	46.77	2.96	50.27
C40	Elephant Gambit: Paulsen Countergambit	1. e4 e5 2. Nf3 d5 3. exd5 e4	7354643	44.58	3.34	52.08
C40	Elephant Gambit: Wasp Variation	1. e4 e5 2. Nf3 d5 3. Nxe5 dxe4 4. Bc4 Qg5	65247	35.72	2.63	61.65
C40	King's Knight Opening	1. e4 e5 2. Nf3	1120240151	51.09	3.92	44.98
C40	King's Pawn Game: Busch-Gass Gambit	1. e4 e5 2. Nf3 Bc5	35139739	52.27	3.11	44.62
C40	King's Pawn Game: Busch-Gass Gambit, Chiodini Gambit	1. e4 e5 2. Nf3 Bc5 3. Nxe5 Nc6	391467	48.65	2.88	48.46
C40	King's Pawn Game: Damiano Defense	1. e4 e5 2. Nf3 f6	12945172	57.99	3.79	38.22
C40	King's Pawn Game: Damiano Defense, Damiano Gambit	1. e4 e5 2. Nf3 f6 3. Nxe5 fxe5 4. Qh5+ g6 5. Qxe5+ Qe7 6. Qxh8	302622	69.13	3.16	27.71
C40	King's Pawn Game: Damiano Defense, Damiano Gambit, Chigorin Gambit	1. e4 e5 2. Nf3 f6 3. Nxe5 Qe7 4. Nf3 d5	5523	53.25	5.18	41.57
C40	King's Pawn Game: McConnell Defense	1. e4 e5 2. Nf3 Qf6	23741961	51.19	3.42	45.4
C40	Latvian Gambit	1. e4 e5 2. Nf3 f5	10128340	48.89	3.03	48.08
C40	Latvian Gambit Accepted	1. e4 e5 2. Nf3 f5 3. exf5	3726225	47.78	3.11	49.11
C40	Latvian Gambit Accepted: Bilguer Variation	1. e4 e5 2. Nf3 f5 3. Nxe5 Qf6 4. d4 d6 5. Nc4	336799	49.53	3.45	47.02
C40	Latvian Gambit Accepted: Bronstein Attack	1. e4 e5 2. Nf3 f5 3. Nxe5 Qf6 4. d4 d6 5. Nc4 fxe4 6. Be2	79848	49.51	3.33	47.17
C40	Latvian Gambit Accepted: Bronstein Gambit	1. e4 e5 2. Nf3 f5 3. Nxe5 Qf6 4. d4 d6 5. Nc4 fxe4 6. Qh5+ g6 7. Qe2	677	45.79	2.81	51.4
C40	Latvian Gambit Accepted: Foltys Variation	1. e4 e5 2. Nf3 f5 3. Nxe5 Qf6 4. Nc4 fxe4 5. d3	6555	49.66	3.17	47.17
C40	Latvian Gambit Accepted: Foltys-Leonhardt Variation	1. e4 e5 2. Nf3 f5 3. Nxe5 Qf6 4. Nc4	68476	50.01	3.56	46.44
C40	Latvian Gambit Accepted: Leonhardt Variation	1. e4 e5 2. Nf3 f5 3. Nxe5 Qf6 4. Nc4 fxe4 5. Nc3	27443	53.78	3.76	42.46
C40	Latvian Gambit Accepted: Main Line	1. e4 e5 2. Nf3 f5 3. Nxe5 Qf6 4. d4	568586	47.53	3.18	49.3
C40	Latvian Gambit Accepted: Nimzowitsch Attack	1. e4 e5 2. Nf3 f5 3. Nxe5 Qf6 4. d4 d6 5. Nc4 fxe4 6. Ne3	37721	49.99	3.54	46.47
C40	Latvian Gambit: Behting Variation	1. e4 e5 2. Nf3 f5 3. Bc4 fxe4 4. Nxe5 Qg5 5. Nf7 Qxg2 6. Rf1 d5 7. Nxh8 Nf6	169	34.32	1.78	63.91
C40	Latvian Gambit: Corkscrew Countergambit	1. e4 e5 2. Nf3 f5 3. Bc4 fxe4 4. Nxe5 Nf6	40224	46.52	2.14	51.34
C40	Latvian Gambit: Corkscrew Gambit	1. e4 e5 2. Nf3 f5 3. Nxe5 Nf6 4. Bc4 fxe4 5. Nf7 Qe7 6. Nxh8 d5	38369	36.38	1.61	62.01
C40	Latvian Gambit: Fraser Defense	1. e4 e5 2. Nf3 f5 3. Nxe5 Nc6	241897	45.45	3.6	50.95
C40	Latvian Gambit: Greco Variation	1. e4 e5 2. Nf3 f5 3. Nxe5 Qe7	124122	52.19	3.21	44.6
C40	Latvian Gambit: Mason Countergambit	1. e4 e5 2. Nf3 f5 3. d4	764775	49.89	2.94	47.17
C40	Latvian Gambit: Mayet Attack	1. e4 e5 2. Nf3 f5 3. Bc4	840616	50.52	2.3	47.18
C40	Latvian Gambit: Mayet Attack, Morgado Defense	1. e4 e5 2. Nf3 f5 3. Bc4 Nf6	326004	52.21	2.1	45.68
C40	Latvian Gambit: Mayet Attack, Poisoned Pawn Variation	1. e4 e5 2. Nf3 f5 3. Bc4 fxe4 4. Nxe5 Qg5 5. d4 Qxg2	14677	39.91	2.53	57.56
C40	Latvian Gambit: Mayet Attack, Polerio-Svedenborg Variation	1. e4 e5 2. Nf3 f5 3. Bc4 fxe4 4. Nxe5 d5	157920	46.72	2.45	50.83
C40	Latvian Gambit: Mlotkowski Variation	1. e4 e5 2. Nf3 f5 3. Nc3	1074033	49.43	3.09	47.49
C41	Philidor Defense	1. e4 e5 2. Nf3 d6	162638374	51.15	4.1	44.75
C41	Philidor Defense	1. e4 e5 2. Nf3 d6 3. d4	51338270	52.37	4.23	43.4
C41	Philidor Defense	1. e4 e5 2. Nf3 d6 3. Bc4	71577267	51.21	3.86	44.93
C41	Philidor Defense	1. e4 e5 2. Nf3 d6 3. Bc4 Be7	10707072	48.04	4.12	47.84
C41	Philidor Defense: Albin-Blackburne Gambit	1. e4 e5 2. Nf3 d6 3. d4 Bg4 4. dxe5 Nd7	147075	44.24	4.15	51.61
C41	Philidor Defense: Berger Variation	1. e4 e5 2. Nf3 d6 3. d4 exd4 4. Nxd4 Nf6 5. Nc3 Be7 6. Be2 O-O 7. O-O c5 8. Nf3 Nc6 9. Bg5 Be6 10. Re1	413	42.86	6.78	50.36
C41	Philidor Defense: Bird Gambit	1. e4 e5 2. Nf3 d6 3. d4 exd4 4. c3	834611	55.39	3.4	41.21
C41	Philidor Defense: Boden Variation	1. e4 e5 2. Nf3 d6 3. d4 exd4 4. Qxd4 Bd7	113267	49.9	4.14	45.96
C41	Philidor Defense: Exchange Variation	1. e4 e5 2. Nf3 d6 3. d4 exd4	25778060	51.58	4.22	44.2
C41	Philidor Defense: Exchange Variation	1. e4 e5 2. Nf3 d6 3. d4 exd4 4. Nxd4	19613641	51.47	4.23	44.3
C41	Philidor Defense: Exchange Variation	1. e4 e5 2. Nf3 d6 3. d4 exd4 4. Nxd4 Nf6	6818224	50.3	4.3	45.4
C41	Philidor Defense: Hanham Variation	1. e4 e5 2. Nf3 d6 3. d4 Nd7	2243739	48.39	4.2	47.42
C41	Philidor Defense: Hanham Variation, Delmar Variation	1. e4 e5 2. Nf3 d6 3. d4 Nd7 4. Bc4 c6 5. c3	23064	51.62	3.36	45.01
C41	Philidor Defense: Hanham Variation, Schlechter Variation	1. e4 e5 2. Nf3 d6 3. d4 Nd7 4. Bc4 c6 5. Nc3	34673	45.88	4.08	50.05
C41	Philidor Defense: Hanham Variation, Sharp Variation	1. e4 e5 2. Nf3 d6 3. d4 Nd7 4. Bc4 Nb6	13189	55.47	3.07	41.46
C41	Philidor Defense: Hanham Variation, Steiner Variation	1. e4 e5 2. Nf3 d6 3. d4 Nd7 4. Bc4 c6 5. O-O Be7 6. dxe5	41975	46.17	4.54	49.29
C41	Philidor Defense: Hanham, Kmoch Variation	1. e4 e5 2. Nf3 d6 3. d4 Nd7 4. Bc4 c6 5. Ng5	33376	50.62	3.41	45.97
C41	Philidor Defense: Larsen Variation	1. e4 e5 2. Nf3 d6 3. d4 exd4 4. Nxd4 g6	644410	51.93	4.03	44.04
C41	Philidor Defense: Lion Variation	1. e4 e5 2. Nf3 d6 3. d4 Nf6 4. Nc3 Nbd7	1018360	45.61	5.44	48.95
C41	Philidor Defense: Lion Variation, Bishop Sacrifice	1. e4 e5 2. Nf3 d6 3. d4 Nf6 4. Nc3 Nbd7 5. Bc4 Be7 6. Bxf7+	61951	44.54	3.5	51.96
C41	Philidor Defense: Lion Variation, Delayed Bishop Sacrifice	1. e4 d6 2. d4 Nf6 3. Nc3 Nbd7 4. Nf3 e5 5. Bc4 Be7 6. dxe5 dxe5 7. Bxf7+	25975	56.0	5.22	38.79
C41	Philidor Defense: Lion Variation, Forcing Line	1. e4 e5 2. Nf3 d6 3. d4 Nf6 4. Nc3 Nbd7 5. Bc4 Be7 6. Ng5 O-O 7. Bxf7+ Rxf7 8. Ne6	16786	56.62	5.63	37.75
C41	Philidor Defense: Lion Variation, Lion's Claw, with Bc4 and h6	1. e4 e5 2. Nf3 d6 3. d4 Nf6 4. Nc3 Nbd7 5. Bc4 Be7 6. O-O h6	29224	47.64	4.0	48.36
C41	Philidor Defense: Lion Variation, Lion's Claw, with Be2 and c6	1. e4 e5 2. Nf3 d6 3. d4 Nf6 4. Nc3 Nbd7 5. Be2 Be7 6. O-O c6	16679	45.48	4.57	49.94
C41	Philidor Defense: Lion Variation, Sozin Variation	1. e4 d6 2. d4 Nf6 3. Nc3 e5 4. Nf3 Nbd7 5. Bc4 Be7 6. O-O O-O 7. Qe2 c6 8. a4 exd4	1776	42.06	5.35	52.59
C41	Philidor Defense: Lopez Countergambit	1. e4 e5 2. Nf3 d6 3. Bc4 f5	2034464	51.04	2.85	46.1
C41	Philidor Defense: Morphy Gambit	1. e4 e5 2. Nf3 d6 3. d4 exd4 4. Bc4	1751741	53.19	3.49	43.32
C41	Philidor Defense: Nimzowitsch Variation	1. e4 e5 2. Nf3 d6 3. d4 Nf6	2491669	54.24	4.41	41.35
C41	Philidor Defense: Nimzowitsch Variation	1. e4 e5 2. Nf3 d6 3. d4 Nf6 4. dxe5	2232580	55.82	4.76	39.42
C41	Philidor Defense: Nimzowitsch Variation, Klein Variation	1. e4 e5 2. Nf3 d6 3. d4 Nf6 4. Bc4	140754	55.57	3.16	41.27
C41	Philidor Defense: Nimzowitsch Variation, Rellstab Variation	1. e4 e5 2. Nf3 d6 3. d4 Nf6 4. dxe5 Nxe4 5. Qd5	48060	55.2	3.35	41.45
C41	Philidor Defense: Nimzowitsch, Larobok Variation	1. e4 e5 2. Nf3 d6 3. d4 Nf6 4. Nc3 Nbd7 5. Bc4 Be7 6. Ng5 O-O 7. Bxf7+	17564	56.2	5.57	38.23
C41	Philidor Defense: Nimzowitsch, Locock Variation	1. e4 e5 2. Nf3 d6 3. d4 Nf6 4. Ng5	21688	50.95	2.96	46.09
C41	Philidor Defense: Paulsen Attack	1. e4 e5 2. Nf3 d6 3. d4 exd4 4. Nxd4 d5 5. exd5	64499	60.65	4.03	35.32
C41	Philidor Defense: Philidor Countergambit	1. e4 e5 2. Nf3 d6 3. d4 f5	1168004	51.08	3.35	45.58
C41	Philidor Defense: Philidor Countergambit, Berger Variation	1. e4 e5 2. Nf3 d6 3. d4 f5 4. dxe5 fxe4 5. Ng5 d5 6. e6 Bc5 7. Nc3	511	48.34	3.33	48.34
C41	Philidor Defense: Philidor Countergambit, Zukertort Variation	1. e4 e5 2. Nf3 d6 3. d4 f5 4. Nc3	104262	55.58	3.55	40.87
C41	Philidor Defense: Philidor Countergambit, del Rio Attack	1. e4 e5 2. Nf3 d6 3. d4 f5 4. dxe5 fxe4 5. Ng5 d5 6. e6	36990	51.05	2.45	46.5
C41	Philidor Defense: Steinitz Variation	1. e4 e5 2. Nf3 d6 3. Bc4 Be7 4. c3	1448279	49.58	3.86	46.56
C42	Petrov's Defense	1. e4 e5 2. Nf3 Nf6	134515019	50.97	3.84	45.19
C42	Petrov's Defense	1. e4 e5 2. Nf3 Nf6 3. Nxe5	42441092	50.76	3.95	45.29
C42	Petrov's Defense	1. e4 e5 2. Nf3 Nf6 3. Nxe5 d6	11181086	49.44	5.33	45.23
C42	Petrov's Defense	1. e4 e5 2. Nf3 Nf6 3. Nxe5 d6 4. Nf3	9207044	50.04	5.61	44.35
C42	Petrov's Defense	1. e4 e5 2. Nf3 Nf6 3. Nxe5 d6 4. Nf3 Nxe4	8504991	49.35	5.79	44.86
C42	Petrov's Defense: Classical Attack	1. e4 e5 2. Nf3 Nf6 3. Nxe5 d6 4. Nf3 Nxe4 5. d4	2048674	50.72	5.82	43.46
C42	Petrov's Defense: Classical Attack, Berger Variation	1. e4 e5 2. Nf3 Nf6 3. Nxe5 d6 4. Nf3 Nxe4 5. d4 d5 6. Bd3 Be7 7. O-O Nc6 8. Re1 Bg4 9. c3 f5 10. Nbd2	3708	43.31	5.1	51.59
C42	Petrov's Defense: Classical Attack, Chigorin Variation	1. e4 e5 2. Nf3 Nf6 3. Nxe5 d6 4. Nf3 Nxe4 5. d4 d5 6. Bd3 Be7 7. O-O Nc6 8. Re1	56228	44.68	7.08	48.24
C42	Petrov's Defense: Classical Attack, Chigorin Variation, Browne Attack	1. e4 e5 2. Nf3 Nf6 3. Nxe5 d6 4. Nf3 Nxe4 5. d4 d5 6. Bd3 Nc6 7. O-O Be7 8. c4 Nb4 9. cxd5	13915	48.26	8.85	42.88
C42	Petrov's Defense: Classical Attack, Chigorin Variation, Main Line	1. e4 e5 2. Nf3 Nf6 3. Nxe5 d6 4. Nf3 Nxe4 5. d4 d5 6. Bd3 Nc6 7. O-O Be7 8. c4 Nb4 9. Be2	17542	49.2	9.04	41.76
C42	Petrov's Defense: Classical Attack, Closed Variation	1. e4 e5 2. Nf3 Nf6 3. Nxe5 d6 4. Nf3 Nxe4 5. d4 Nf6	95806	54.7	4.51	40.79
C42	Petrov's Defense: Classical Attack, Jaenisch Variation	1. e4 e5 2. Nf3 Nf6 3. Nxe5 d6 4. Nf3 Nxe4 5. d4 d5 6. Bd3 Nc6 7. O-O Be7 8. c4	64902	47.47	8.39	44.14
C42	Petrov's Defense: Classical Attack, Krause Variation	1. e4 e5 2. Nf3 Nf6 3. Nxe5 d6 4. Nf3 Nxe4 5. d4 d5 6. Bd3 Nc6 7. O-O Be7 8. Re1 Bg4 9. c3 f5 10. c4	83	54.22	10.84	34.94
C42	Petrov's Defense: Classical Attack, Marshall Trap	1. e4 e5 2. Nf3 Nf6 3. Nxe5 d6 4. Nf3 Nxe4 5. d4 d5 6. Bd3 Bd6 7. O-O O-O 8. c4 Bg4 9. cxd5 f5 10. Re1 Bxh2+	1140	19.47	4.39	76.14
C42	Petrov's Defense: Classical Attack, Marshall Variation	1. e4 e5 2. Nf3 Nf6 3. Nxe5 d6 4. Nf3 Nxe4 5. d4 d5 6. Bd3 Bd6	506734	48.08	6.52	45.39
C42	Petrov's Defense: Classical Attack, Marshall Variation, Chinese Gambit	1. e4 e5 2. Nf3 Nf6 3. Nxe5 d6 4. Nf3 Nxe4 5. d4 d5 6. Bd3 Bd6 7. O-O O-O 8. c4 c6 9. Re1 Bg4	1677	54.14	5.01	40.85
C42	Petrov's Defense: Classical Attack, Maróczy Variation	1. e4 e5 2. Nf3 Nf6 3. Nxe5 d6 4. Nf3 Nxe4 5. d4 d5 6. Bd3 Be7 7. O-O Nc6 8. Re1 Bg4 9. c3 f5 10. c4 Bh4	3	0.0	0.0	100.0
C42	Petrov's Defense: Classical Attack, Mason-Showalter Variation	1. e4 e5 2. Nf3 Nf6 3. Nxe5 d6 4. Nf3 Nxe4 5. d4 d5 6. Bd3 Nc6	199537	46.68	7.13	46.19
C42	Petrov's Defense: Classical Attack, Staunton Variation	1. e4 e5 2. Nf3 Nf6 3. Nxe5 d6 4. Nf3 Nxe4 5. d4 d5 6. Bd3 Bd6 7. O-O O-O 8. c4 c6	173806	50.4	7.04	42.56
C42	Petrov's Defense: Classical Attack, Tarrasch Variation	1. e4 e5 2. Nf3 Nf6 3. Nxe5 d6 4. Nf3 Nxe4 5. d4 d5 6. Bd3 Bd6 7. O-O O-O 8. c4 Bg4	1927	55.32	6.07	38.61
C42	Petrov's Defense: Cochrane Gambit	1. e4 e5 2. Nf3 Nf6 3. Nxe5 d6 4. Nxf7	869218	50.64	3.48	45.88
C42	Petrov's Defense: Cochrane Gambit, Bishop Check Line	1. e4 e5 2. Nf3 Nf6 3. Nxe5 d6 4. Nxf7 Kxf7 5. Bc4+	432741	49.17	3.44	47.39
C42	Petrov's Defense: Cochrane Gambit, Center Variation	1. e4 e5 2. Nf3 Nf6 3. Nxe5 d6 4. Nxf7 Kxf7 5. d4	245845	52.8	3.7	43.5
C42	Petrov's Defense: Cozio Attack	1. e4 e5 2. Nf3 Nf6 3. Nxe5 d6 4. Nf3 Nxe4 5. Qe2	2705564	48.3	6.19	45.51
C42	Petrov's Defense: Damiano Variation	1. e4 e5 2. Nf3 Nf6 3. Nxe5 Nxe4	8153590	59.93	3.9	36.17
C42	Petrov's Defense: Damiano Variation, Kholmov Gambit	1. e4 e5 2. Nf3 Nf6 3. Nxe5 Nxe4 4. Qe2 Qe7	1310666	52.2	5.04	42.76
C42	Petrov's Defense: French Attack	1. e4 e5 2. Nf3 Nf6 3. Nxe5 d6 4. Nf3 Nxe4 5. d3	1084544	47.4	5.34	47.26
C42	Petrov's Defense: Italian Variation	1. e4 e5 2. Nf3 Nf6 3. Bc4	26678721	51.82	3.17	45.01
C42	Petrov's Defense: Karklins-Martinovsky Variation	1. e4 e5 2. Nf3 Nf6 3. Nxe5 d6 4. Nd3	302042	47.1	5.29	47.6
C42	Petrov's Defense: Kaufmann Attack	1. e4 e5 2. Nf3 Nf6 3. Nxe5 d6 4. Nf3 Nxe4 5. c4	58131	52.48	6.64	40.88
C42	Petrov's Defense: Millennium Attack	1. e4 e5 2. Nf3 Nf6 3. Nxe5 d6 4. Nf3 Nxe4 5. Bd3	252476	47.69	4.7	47.61
C42	Petrov's Defense: Moody Gambit	1. e4 e5 2. Nf3 Nf6 3. Qe2 Nc6 4. d4	36780	45.24	3.19	51.58
C42	Petrov's Defense: Nimzowitsch Attack	1. e4 e5 2. Nf3 Nf6 3. Nxe5 d6 4. Nf3 Nxe4 5. Nc3	1505674	51.71	6.23	42.06
C42	Petrov's Defense: Paulsen Attack	1. e4 e5 2. Nf3 Nf6 3. Nxe5 d6 4. Nc4	523788	46.46	4.59	48.95
C42	Petrov's Defense: Stafford Gambit	1. e4 e5 2. Nf3 Nf6 3. Nxe5 Nc6	14720136	46.5	3.12	50.38
C42	Petrov's Defense: Stafford Gambit Accepted	1. e4 e5 2. Nf3 Nf6 3. Nxe5 Nc6 4. Nxc6 dxc6	11875531	45.22	3.09	51.69
C42	Petrov's Defense: Stafford Gambit Accepted	1. e4 e5 2. Nf3 Nf6 3. Nxe5 Nc6 4. Nxc6 dxc6 5. Nc3 Bc5	3150424	41.16	3.0	55.83
C42	Petrov's Defense: Stafford Gambit Accepted	1. e4 e5 2. Nf3 Nf6 3. Nxe5 Nc6 4. Nxc6 dxc6 5. d3 Bc5	4508197	45.65	3.12	51.23
C42	Petrov's Defense: Three Knights Game	1. e4 e5 2. Nf3 Nf6 3. Nc3	41657789	51.16	4.11	44.73
C43	Bishop's Opening: Urusov Gambit	1. e4 e5 2. Bc4 Nf6 3. d4 exd4 4. Nf3	1212386	53.42	3.5	43.07
C43	Bishop's Opening: Urusov Gambit, Keidansky Gambit	1. e4 e5 2. Bc4 Nf6 3. d4 exd4 4. Nf3 Nxe4 5. Qxd4	298896	57.83	2.77	39.39
C43	Petrov's Defense: Modern Attack	1. e4 e5 2. Nf3 Nf6 3. d4	10118543	52.39	3.79	43.82
C43	Petrov's Defense: Modern Attack	1. e4 e5 2. Nf3 Nf6 3. d4 exd4	4750149	51.3	3.44	45.26
C43	Petrov's Defense: Modern Attack, Bardeleben Variation	1. e4 e5 2. Nf3 Nf6 3. d4 exd4 4. e5 Ne4 5. Qe2 Nc5 6. Nxd4 Nc6	495	49.9	5.45	44.65
C43	Petrov's Defense: Modern Attack, Center Attack	1. e4 e5 2. Nf3 Nf6 3. d4 exd4 4. e5 Ne4 5. Qxd4	235136	50.39	4.3	45.31
C43	Petrov's Defense: Modern Attack, Center Variation	1. e4 e5 2. Nf3 Nf6 3. d4 Nxe4 4. Bd3	550607	53.74	5.95	40.32
C43	Petrov's Defense: Modern Attack, Murrey Variation	1. e4 e5 2. Nf3 Nf6 3. d4 Nxe4 4. Bd3 Nc6	22478	43.5	9.95	46.55
C43	Petrov's Defense: Modern Attack, Steinitz Variation	1. e4 e5 2. Nf3 Nf6 3. d4 exd4 4. e5 Ne4 5. Qe2	5381	60.27	2.75	36.98
C43	Petrov's Defense: Modern Attack, Symmetrical Variation	1. e4 e5 2. Nf3 Nf6 3. d4 d5	441014	54.33	4.14	41.53
C43	Petrov's Defense: Modern Attack, Trifunovic Variation	1. e4 e5 2. Nf3 Nf6 3. d4 Nxe4 4. Bd3 d5 5. Nxe5 Bd6 6. O-O O-O 7. c4 Bxe5	9747	52.72	6.41	40.86
C44	King's Knight Opening: Konstantinopolsky	1. e4 e5 2. Nf3 Nc6 3. g3	2637217	46.82	4.07	49.11
C44	King's Knight Opening: Normal Variation	1. e4 e5 2. Nf3 Nc6	698975470	50.8	3.99	45.21
C44	King's Pawn Game: Schulze-Müller Gambit	1. e4 e5 2. Nf3 Nc6 3. Nxe5 Nxe5 4. d4	354613	42.71	3.0	54.29
C44	King's Pawn Game: Tayler Opening	1. e4 e5 2. Nf3 Nc6 3. Be2	3104585	48.49	4.03	47.48
C44	King's Pawn Game: Tayler Opening	1. e4 e5 2. Nf3 Nc6 3. Be2 Nf6 4. d4	31053	48.61	3.8	47.59
C44	King's Pawn Game: Tayler Opening, Basman Gambit	1. e4 e5 2. Nf3 Nc6 3. Be2 Nf6 4. d4 exd4 5. e5	5730	51.62	3.19	45.18
C44	King's Pawn Game: Tayler Opening, Inverted Hanham	1. e4 e5 2. Nf3 Nc6 3. Be2 Nf6 4. d3 d5 5. Nbd2	68086	50.26	5.36	44.37
C44	Latvian Gambit: Clam Gambit	1. e4 e5 2. Nf3 Nc6 3. d3 f5 4. exf5	168890	43.24	3.34	53.41
C44	Ponziani Opening	1. e4 e5 2. Nf3 Nc6 3. c3	24983717	50.3	3.66	46.04
C44	Ponziani Opening: Caro Gambit	1. e4 e5 2. Nf3 Nc6 3. c3 d5 4. Qa4 Bd7	66266	45.57	3.61	50.82
C44	Ponziani Opening: Jaenisch Counterattack	1. e4 e5 2. Nf3 Nc6 3. c3 Nf6	11644638	49.31	3.69	47.0
C44	Ponziani Opening: Jaenisch Counterattack	1. e4 e5 2. Nf3 Nc6 3. c3 Nf6 4. d3	2474027	46.98	4.12	48.9
C44	Ponziani Opening: Jaenisch Counterattack	1. e4 e5 2. Nf3 Nc6 3. c3 Nf6 4. d3 d5	952791	44.87	4.35	50.78
C44	Ponziani Opening: Jaenisch Counterattack	1. e4 e5 2. Nf3 Nc6 3. c3 Nf6 4. d3 d5 5. Nbd2	124923	48.93	4.63	46.44
C44	Ponziani Opening: Leonhardt Variation	1. e4 e5 2. Nf3 Nc6 3. c3 d5 4. Qa4 Nf6	27559	45.57	3.58	50.85
C44	Ponziani Opening: Neumann Gambit	1. e4 e5 2. Nf3 Nc6 3. c3 Nf6 4. Bc4	566288	49.16	3.05	47.8
C44	Ponziani Opening: Ponziani Countergambit	1. e4 e5 2. Nf3 Nc6 3. c3 f5	547427	44.84	3.12	52.04
C44	Ponziani Opening: Ponziani Countergambit, Schmidt Attack	1. e4 e5 2. Nf3 Nc6 3. c3 f5 4. d4 d6 5. d5	36938	48.62	3.01	48.37
C44	Ponziani Opening: Romanishin Variation	1. e4 e5 2. Nf3 Nc6 3. c3 Be7	229016	50.23	3.92	45.84
C44	Ponziani Opening: Spanish Variation	1. e4 e5 2. Nf3 Nc6 3. c3 d5 4. Bb5	161211	45.71	3.85	50.44
C44	Ponziani Opening: Spanish Variation, Harrwitz Attack, Nikitin Gambit	1. e4 e5 2. Nf3 Nc6 3. c3 d5 4. Bb5 dxe4 5. Nxe5 Qd5 6. Qa4	4308	47.47	5.45	47.08
C44	Ponziani Opening: Steinitz Variation	1. e4 e5 2. Nf3 Nc6 3. c3 d5 4. Qa4 f6	51490	45.6	4.48	49.91
C44	Ponziani Opening: Vukovic Gambit	1. e4 e5 2. Nf3 Nc6 3. c3 Nf6 4. d4 Nxe4 5. d5 Bc5	89500	42.47	3.09	54.44
C44	Scotch Game	1. e4 e5 2. Nf3 Nc6 3. d4	126750644	52.79	4.11	43.1
C44	Scotch Game	1. e4 e5 2. Nf3 Nc6 3. d4 exd4	96286328	52.05	4.14	43.81
C44	Scotch Game: Benima Defense	1. e4 e5 2. Nf3 Nc6 3. Bc4 Be7 4. d4 exd4	1568951	51.93	3.88	44.19
C44	Scotch Game: Cochrane Variation	1. e4 e5 2. Nf3 Nc6 3. d4 exd4 4. Bc4 Bb4+ 5. c3 dxc3 6. bxc3 Ba5 7. e5	3910	50.72	2.43	46.85
C44	Scotch Game: Cochrane-Shumov Defense	1. e4 e5 2. Nf3 Nc6 3. d4 exd4 4. Bc4 Bc5 5. Ng5 Nh6 6. Nxf7 Nxf7 7. Bxf7+ Kxf7 8. Qh5+ g6 9. Qxc5 d5	16448	38.56	7.84	53.59
C44	Scotch Game: Göring Gambit	1. e4 e5 2. Nf3 Nc6 3. d4 exd4 4. c3	5616407	55.08	3.36	41.56
C44	Scotch Game: Göring Gambit, Bardeleben Variation	1. e4 e5 2. Nf3 Nc6 3. d4 exd4 4. c3 dxc3 5. Bc4 Nf6 6. Nxc3 Bb4	311737	55.64	3.22	41.14
C44	Scotch Game: Göring Gambit, Double Pawn Sacrifice	1. e4 e5 2. Nf3 Nc6 3. d4 exd4 4. c3 dxc3 5. Bc4	2349664	58.17	2.75	39.08
C44	Scotch Game: Göring Gambit, Main Line	1. e4 e5 2. Nf3 Nc6 3. d4 exd4 4. c3 dxc3 5. Nxc3 Bb4	924163	56.48	3.3	40.22
C44	Scotch Game: Hanneken Variation	1. e4 e5 2. Nf3 Nc6 3. d4 exd4 4. Bc4 Bb4+ 5. c3 dxc3 6. O-O cxb2 7. Bxb2 Nf6 8. Ng5 O-O 9. e5 Nxe5	490	56.73	4.08	39.18
C44	Scotch Game: Haxo Gambit	1. e4 e5 2. Nf3 Nc6 3. d4 exd4 4. Bc4 Bc5	5276415	55.64	3.32	41.04
C44	Scotch Game: Lolli Variation	1. e4 e5 2. Nf3 Nc6 3. d4 Nxd4	2643940	55.3	4.23	40.47
C44	Scotch Game: Lolli Variation	1. e4 e5 2. Nf3 Nc6 3. d4 Nxd4 4. Nxd4 exd4 5. Qxd4	2095705	55.34	4.46	40.21
C44	Scotch Game: Napoleon Gambit	1. e4 e5 2. Nf3 Nc6 3. d4 Nxd4 4. Nxd4 exd4 5. Bc4	30857	54.91	3.41	41.68
C44	Scotch Game: Relfsson Gambit	1. e4 e5 2. Nf3 Nc6 3. d4 exd4 4. Bb5	531624	49.0	3.7	47.31
C44	Scotch Game: Scotch Gambit	1. e4 e5 2. Nf3 Nc6 3. d4 exd4 4. Bc4	21233929	54.38	3.62	41.99
C44	Scotch Game: Scotch Gambit, Advance Variation	1. e4 e5 2. Nf3 Nc6 3. d4 exd4 4. Bc4 Nf6 5. e5	4791244	51.72	3.47	44.81
C44	Scotch Game: Scotch Gambit, Cochrane-Anderssen Variation	1. e4 e5 2. Nf3 Nc6 3. d4 exd4 4. Bc4 Bc5 5. O-O d6 6. c3 Bg4	107672	44.11	3.39	52.5
C44	Scotch Game: Scotch Gambit, Dubois Réti Defense	1. e4 e5 2. Nf3 Nc6 3. Bc4 Nf6 4. d4 exd4	5676089	51.41	3.45	45.14
C44	Scotch Game: Scotch Gambit, Göring Gambit Declined	1. e4 e5 2. Nf3 Nc6 3. d4 exd4 4. c3 d5	610526	46.6	4.88	48.52
C44	Scotch Game: Scotch Gambit, Kingside Variation	1. e4 e5 2. Nf3 Nc6 3. Bc4 Nf6 4. d4 exd4 5. e5 Ng4	943593	56.81	2.63	40.56
C44	Scotch Game: Scotch Gambit, London Defense	1. e4 e5 2. Nf3 Nc6 3. d4 exd4 4. Bc4 Bb4+	1555926	54.3	3.18	42.53
C44	Scotch Game: Scotch Gambit, Sarratt Variation	1. e4 e5 2. Nf3 Nc6 3. d4 exd4 4. Bc4 Bc5 5. Ng5	2183307	53.44	3.2	43.36
C44	Scotch Game: Sea-Cadet Mate	1. e4 e5 2. Nf3 Nc6 3. d4 exd4 4. c3 dxc3 5. Nxc3 d6 6. Bc4 Bg4 7. O-O Ne5 8. Nxe5 Bxd1 9. Bxf7+ Ke7 10. Nd5#	4956	100.0	0.0	0.0
C44	Scotch Game: Vitzthum Attack	1. e4 e5 2. Nf3 Nc6 3. d4 exd4 4. Bc4 Bc5 5. Ng5 Nh6 6. Qh5	210867	51.6	2.58	45.83
C45	Scotch Game	1. e4 e5 2. Nf3 Nc6 3. d4 exd4 4. Nxd4	70033397	51.14	4.43	44.43
C45	Scotch Game	1. e4 e5 2. Nf3 Nc6 3. d4 exd4 4. Nxd4 Qh4 5. Nb5 Bb4+ 6. Bd2	2816	55.58	4.19	40.23
C45	Scotch Game: Alekhine Gambit	1. e4 e5 2. Nf3 Nc6 3. d4 exd4 4. Nxd4 Nf6 5. e5	210882	42.76	3.5	53.74
C45	Scotch Game: Blumenfeld Attack	1. e4 e5 2. Nf3 Nc6 3. d4 exd4 4. Nxd4 Bc5 5. Be3 Qf6 6. Nb5	276440	63.35	3.67	32.99
C45	Scotch Game: Braune Variation	1. e4 e5 2. Nf3 Nc6 3. d4 exd4 4. Nxd4 Qh4 5. Be3	29625	47.75	3.53	48.72
C45	Scotch Game: Classical Variation	1. e4 e5 2. Nf3 Nc6 3. d4 exd4 4. Nxd4 Bc5	15787591	49.18	4.23	46.59
C45	Scotch Game: Classical Variation, Blackburne Attack	1. e4 e5 2. Nf3 Nc6 3. d4 exd4 4. Nxd4 Bc5 5. Be3 Qf6 6. c3 Nge7 7. Qd2	61590	49.68	4.99	45.33
C45	Scotch Game: Classical Variation, Intermezzo Variation	1. e4 e5 2. Nf3 Nc6 3. d4 exd4 4. Nxd4 Bc5 5. Nxc6 Qf6	2342375	42.82	4.05	53.13
C45	Scotch Game: Classical Variation, Millennium Variation	1. e4 e5 2. Nf3 Nc6 3. d4 exd4 4. Nxd4 Bc5 5. Be3 Qf6 6. c3 Qg6	72758	44.29	4.19	51.53
C45	Scotch Game: Fraser Variation	1. e4 e5 2. Nf3 Nc6 3. d4 exd4 4. Nxd4 Qh4 5. Nf3	33228	49.42	3.77	46.81
C45	Scotch Game: Ghulam-Kassim Variation	1. e4 e5 2. Nf3 Nc6 3. d4 exd4 4. Nxd4 Nxd4 5. Qxd4 d6 6. Bd3	432470	51.02	4.7	44.28
C45	Scotch Game: Gottschall Variation	1. e4 e5 2. Nf3 Nc6 3. d4 exd4 4. Nxd4 Bc5 5. Be3 Qf6 6. c3 Nge7 7. Qd2 d5 8. Nb5 Bxe3 9. Qxe3 O-O 10. Nxc7 Rb8 11. Nxd5 Nxd5 12. exd5 Nb4	26	30.77	7.69	61.54
C45	Scotch Game: Horwitz Attack	1. e4 e5 2. Nf3 Nc6 3. d4 exd4 4. Nxd4 Qh4 5. Nb5	66238	55.81	3.87	40.32
C45	Scotch Game: Horwitz Attack, Blackburne Variation	1. e4 e5 2. Nf3 Nc6 3. d4 exd4 4. Nxd4 Qh4 5. Nb5 Bb4+ 6. Bd2 Qxe4+ 7. Be2 Kd8 8. O-O Bxd2 9. Qxd2	68	42.65	1.47	55.88
C45	Scotch Game: Mieses Variation	1. e4 e5 2. Nf3 Nc6 3. d4 exd4 4. Nxd4 Nf6 5. Nxc6 bxc6 6. e5	1567517	48.71	4.65	46.64
C45	Scotch Game: Modern Defense	1. e4 e5 2. Nf3 Nc6 3. d4 exd4 4. Nxd4 Qh4 5. Nc3 Bb4	548000	43.59	4.34	52.07
C45	Scotch Game: Paulsen Attack	1. e4 e5 2. Nf3 Nc6 3. d4 exd4 4. Nxd4 Bc5 5. Be3 Qf6 6. c3 Nge7 7. Bb5	232126	47.07	4.57	48.36
C45	Scotch Game: Potter Variation	1. e4 e5 2. Nf3 Nc6 3. d4 exd4 4. Nxd4 Bc5 5. Nb3	1343278	52.16	3.97	43.86
C45	Scotch Game: Romanishin Variation	1. e4 e5 2. Nf3 Nc6 3. d4 exd4 4. Nxd4 Bc5 5. Nb3 Bb4+	24117	50.24	5.59	44.17
C45	Scotch Game: Rosenthal Variation	1. e4 e5 2. Nf3 Nc6 3. d4 exd4 4. Nxd4 Qh4 5. Nb5 Bb4+ 6. Bd2 Qxe4+ 7. Be2 Kd8 8. O-O Bxd2 9. Nxd2 Qg6	47	55.32	6.38	38.3
C45	Scotch Game: Schmidt Variation	1. e4 e5 2. Nf3 Nc6 3. d4 exd4 4. Nxd4 Nf6	9382077	47.44	4.8	47.76
C45	Scotch Game: Steinitz Variation	1. e4 e5 2. Nf3 Nc6 3. d4 exd4 4. Nxd4 Qh4	1452543	42.73	4.64	52.63
C45	Scotch Game: Steinitz Variation	1. e4 e5 2. Nf3 Nc6 3. d4 exd4 4. Nxd4 Qh4 5. Nc3	613135	44.6	4.24	51.16
C46	Three Knights Opening	1. e4 e5 2. Nf3 Nc6 3. Nc3	81268547	48.62	4.32	47.05
C46	Three Knights Opening	1. e4 e5 2. Nf3 Nc6 3. Nc3 Bb4	8388846	48.59	4.37	47.04
C46	Three Knights Opening: Schlechter Variation	1. e4 e5 2. Nf3 Nc6 3. Nc3 Bb4 4. Nd5 Nf6	265079	48.87	3.98	47.15
C46	Three Knights Opening: Steinitz-Rosenthal Variation	1. e4 e5 2. Nf3 Nc6 3. Nc3 g6 4. d4 exd4 5. Nd5	5759	54.94	5.63	39.43
C46	Three Knights Opening: Winawer Defense	1. e4 e5 2. Nf3 Nc6 3. Nc3 f5	1592822	47.64	3.22	49.13
C47	Four Knights Game	1. e4 e5 2. Nf3 Nc6 3. Nc3 Nf6	51707860	48.86	4.47	46.67
C47	Four Knights Game: Glek System	1. e4 e5 2. Nf3 Nc6 3. Nc3 Nf6 4. g3 d5 5. exd5 Nxd5 6. Bg2 Nxc3 7. bxc3	40518	49.28	6.22	44.5
C47	Four Knights Game: Gunsberg Variation	1. e4 e5 2. Nf3 Nc6 3. Nc3 Nf6 4. a3	1531090	50.16	4.54	45.3
C47	Four Knights Game: Gunsberg Variation, Provincial Opening	1. e4 e5 2. Nf3 Nc6 3. Nc3 Nf6 4. a3 d6 5. h3	120907	52.32	4.66	43.02
C47	Four Knights Game: Halloween Gambit	1. e4 e5 2. Nf3 Nc6 3. Nc3 Nf6 4. Nxe5	2377383	53.06	3.21	43.73
C47	Four Knights Game: Halloween Gambit, Oldtimer Variation	1. e4 e5 2. Nf3 Nc6 3. Nc3 Nf6 4. Nxe5 Nxe5 5. d4 Ng6 6. e5 Ng8 7. Bc4 Bb4 8. Qf3 f5	198	44.44	2.53	53.03
C47	Four Knights Game: Halloween Gambit, Plasma Variation	1. e4 e5 2. Nf3 Nc6 3. Nc3 Nf6 4. Nxe5 Nxe5 5. d4 Nc6 6. d5 Ne5 7. f4 Ng6 8. e5 Ng8 9. d6 cxd6 10. exd6 Qf6 11. Nb5 Rb8	2571	54.45	2.26	43.29
C47	Four Knights Game: Italian Variation	1. e4 e5 2. Nf3 Nc6 3. Bc4 Nf6 4. Nc3	18800936	49.27	3.98	46.75
C47	Four Knights Game: Italian Variation, Noa Gambit	1. e4 e5 2. Nf3 Nc6 3. Bc4 Nf6 4. Nc3 Nxe4 5. Bxf7+	1436209	43.0	3.85	53.16
C47	Four Knights Game: Scotch Variation	1. e4 e5 2. Nf3 Nc6 3. Nc3 Nf6 4. d4	19484659	52.16	4.66	43.18
C47	Four Knights Game: Scotch Variation Accepted	1. e4 e5 2. Nf3 Nc6 3. Nc3 Nf6 4. d4 exd4	14187471	51.55	4.66	43.78
C47	Four Knights Game: Scotch Variation, Belgrade Gambit	1. e4 e5 2. Nf3 Nc6 3. Nc3 Nf6 4. d4 exd4 5. Nd5	458910	53.36	4.48	42.16
C47	Four Knights Game: Scotch Variation, Belgrade Gambit, Modern Defense	1. e4 e5 2. Nf3 Nc6 3. Nc3 Nf6 4. d4 exd4 5. Nd5 Nxe4 6. Qe2 f5	48147	60.67	3.23	36.1
C47	Four Knights Game: Scotch Variation, Krause Gambit	1. e4 e5 2. Nf3 Nc6 3. Nc3 Nf6 4. d4 Bb4 5. Nxe5	101680	55.44	5.22	39.34
C47	Four Knights Game: Scotch Variation, Krause Gambit, Leonhardt Defense	1. e4 e5 2. Nf3 Nc6 3. Nc3 Nf6 4. d4 Bb4 5. Nxe5 Qe7	9683	43.47	11.31	45.22
C47	Four Knights Game: Scotch Variation, Oxford Gambit	1. e4 e5 2. Nf3 Nc6 3. Nc3 Nf6 4. d4 Bb4 5. d5 Nd4	121020	57.52	3.74	38.74
C47	Four Knights Game: Scotch Variation, Schmid Defense	1. e4 e5 2. Nf3 Nc6 3. Nc3 Nf6 4. d4 exd4 5. Nxd4 Nxe4	184695	46.69	6.33	46.97
C48	Four Knights Game: Spanish Variation	1. e4 e5 2. Nf3 Nc6 3. Nc3 Nf6 4. Bb5	17776931	50.24	4.75	45.01
C48	Four Knights Game: Spanish Variation, Bardeleben Variation	1. e4 e5 2. Nf3 Nc6 3. Nc3 Nf6 4. Bb5 Bc5 5. O-O O-O 6. Nxe5 Nxe5 7. d4 Bd6 8. f4 Nc6 9. e5 Bb4	428	49.77	6.54	43.69
C48	Four Knights Game: Spanish Variation, Classical Variation	1. e4 e5 2. Nf3 Nc6 3. Nc3 Nf6 4. Bb5 Bc5	5424511	48.67	4.12	47.21
C48	Four Knights Game: Spanish Variation, Ranken Variation	1. e4 e5 2. Nf3 Nc6 3. Nc3 Nf6 4. Bb5 a6 5. Bxc6	2831718	54.26	4.77	40.98
C48	Four Knights Game: Spanish Variation, Rubinstein Variation	1. e4 e5 2. Nf3 Nc6 3. Nc3 Nf6 4. Bb5 Nd4	1736969	48.0	4.48	47.52
C48	Four Knights Game: Spanish Variation, Rubinstein Variation	1. e4 e5 2. Nf3 Nc6 3. Nc3 Nf6 4. Bb5 Nd4 5. Be2	36648	49.01	5.41	45.58
C48	Four Knights Game: Spanish Variation, Rubinstein Variation	1. e4 e5 2. Nf3 Nf6 3. Nc3 Nc6 4. Bb5 Nd4 5. Nxe5 Qe7 6. f4	20942	39.46	4.17	56.37
C48	Four Knights Game: Spanish Variation, Rubinstein Variation Accepted	1. e4 e5 2. Nf3 Nc6 3. Nc3 Nf6 4. Bb5 Nd4 5. Nxd4	687937	46.07	4.35	49.57
C48	Four Knights Game: Spanish Variation, Rubinstein Variation, Maróczy Variation	1. e4 e5 2. Nf3 Nc6 3. Nc3 Nf6 4. Bb5 Nd4 5. Be2 Nxf3+ 6. Bxf3 Bc5 7. O-O O-O 8. d3 d6 9. Na4 Bb6	38	60.53	2.63	36.84
C48	Four Knights Game: Spanish Variation, Spielmann Variation	1. e4 e5 2. Nf3 Nc6 3. Nc3 Nf6 4. Bb5 a6 5. Bxc6 dxc6 6. Nxe5 Nxe4 7. Nxe4 Qd4 8. O-O Qxe5 9. Re1 Be6 10. d4 Qd5	2935	46.78	7.77	45.45
C49	Four Knights Game: Spanish Variation	1. e4 e5 2. Nf3 Nc6 3. Nc3 Nf6 4. Bb5 Bb4 5. O-O O-O 6. d3 Bxc3	48216	48.48	6.76	44.75
C49	Four Knights Game: Spanish Variation, Alatortsev Variation	1. e4 e5 2. Nf3 Nc6 3. Nc3 Nf6 4. Bb5 Bb4 5. O-O O-O 6. d3 Qe7 7. Ne2 d5	6	50.0	0.0	50.0
C49	Four Knights Game: Spanish Variation, Double Spanish	1. e4 e5 2. Nf3 Nc6 3. Nc3 Nf6 4. Bb5 Bb4	3704974	49.92	5.33	44.75
C49	Four Knights Game: Spanish Variation, Double Spanish	1. e4 e5 2. Nf3 Nc6 3. Nc3 Nf6 4. Bb5 Bb4 5. O-O O-O 6. d3	192567	51.83	6.21	41.96
C49	Four Knights Game: Spanish Variation, Gunsberg Counterattack	1. e4 e5 2. Nf3 Nf6 3. Nc3 Nc6 4. Bb5 Bb4 5. O-O O-O 6. Nd5 Nxd5 7. exd5 e4	1222	28.56	7.86	63.58
C49	Four Knights Game: Spanish Variation, Janowski Variation	1. e4 e5 2. Nf3 Nc6 3. Nc3 Nf6 4. Bb5 Bb4 5. O-O O-O 6. d3 Bxc3 7. bxc3 d6 8. Re1	6586	49.65	6.45	43.9
C49	Four Knights Game: Spanish Variation, Nimzowitsch Variation	1. e4 e5 2. Nf3 Nc6 3. Nc3 Nf6 4. Bb5 Bb4 5. O-O O-O 6. Bxc6	78511	50.8	6.99	42.21
C49	Four Knights Game: Spanish Variation, Svenonius Variation	1. e4 e5 2. Nf3 Nc6 3. Nc3 Nf6 4. Bb5 Bb4 5. O-O O-O 6. d3 Bxc3 7. bxc3 d5	6604	50.05	4.89	45.06
C49	Four Knights Game: Spanish Variation, Symmetrical Variation	1. e4 e5 2. Nf3 Nc6 3. Nc3 Nf6 4. Bb5 Bb4 5. O-O O-O 6. d3 d6	128436	52.07	6.18	41.74
C49	Four Knights Game: Spanish Variation, Symmetrical Variation	1. e4 e5 2. Nf3 Nc6 3. Nc3 Nf6 4. Bb5 Bb4 5. O-O O-O 6. d3 d6 7. Bg5 Bxc3 8. bxc3 Qe7 9. Re1 Nd8 10. d4 Bg4	508	41.34	7.48	51.18
C49	Four Knights Game: Spanish Variation, Symmetrical Variation	1. e4 e5 2. Nf3 Nc6 3. Nc3 Nf6 4. Bb5 Bb4 5. O-O O-O 6. d3 d6 7. Bg5 Ne7	5348	43.79	5.7	50.5
C49	Four Knights Game: Spanish Variation, Symmetrical Variation	1. e4 e5 2. Nf3 Nc6 3. Nc3 Nf6 4. Bb5 Bb4 5. O-O O-O 6. d3 d6 7. Ne2	10976	52.73	5.88	41.39
C49	Four Knights Game: Spanish Variation, Symmetrical Variation, Blake Variation	1. e4 e5 2. Nf3 Nc6 3. Nc3 Nf6 4. Bb5 Bb4 5. O-O O-O 6. d3 d6 7. Bg5 Ne7 8. Nh4 c6 9. Bc4 d5 10. Bb3 Qd6	27	40.74	22.22	37.04
C49	Four Knights Game: Spanish Variation, Symmetrical Variation, Metger Unpin	1. e4 e5 2. Nf3 Nc6 3. Nc3 Nf6 4. Bb5 Bb4 5. O-O O-O 6. d3 d6 7. Bg5 Bxc3 8. bxc3 Qe7	19415	45.44	7.3	47.26
C49	Four Knights Game: Spanish Variation, Symmetrical Variation, Tarrasch Variation	1. e4 e5 2. Nf3 Nf6 3. Nc3 Nc6 4. Bb5 Bb4 5. O-O O-O 6. d3 d6 7. Bg5 Be6	2471	50.22	5.83	43.95
C50	Four Knights Game: Italian Variation	1. e4 e5 2. Nf3 Nc6 3. Bc4 Bc5 4. Nc3 Nf6	12183185	47.55	4.22	48.23
C50	Italian Game	1. e4 e5 2. Nf3 Nc6 3. Bc4	296211770	50.85	3.69	45.46
C50	Italian Game: Anti-Fried Liver Defense	1. e4 e5 2. Nf3 Nc6 3. Bc4 h6	41193687	51.86	3.95	44.19
C50	Italian Game: Blackburne-Kostić Gambit	1. e4 e5 2. Nf3 Nc6 3. Bc4 Nd4	13829055	47.18	3.42	49.4
C50	Italian Game: Classical Variation, Albin Gambit	1. e4 e5 2. Nf3 Nc6 3. Bc4 Bc5 4. O-O Nf6 5. c3	3716700	53.39	3.22	43.39
C50	Italian Game: Deutz Gambit	1. e4 e5 2. Nf3 Nc6 3. Bc4 Bc5 4. O-O Nf6 5. d4	2392694	58.41	3.19	38.39
C50	Italian Game: Giuoco Pianissimo	1. e4 e5 2. Nf3 Nc6 3. Bc4 Bc5 4. d3	22395547	48.39	3.93	47.67
C50	Italian Game: Giuoco Pianissimo	1. e4 e5 2. Nf3 Nc6 3. Bc4 Nf6 4. O-O Bc5 5. Nc3 d6 6. d3	1883303	42.26	4.09	53.65
C50	Italian Game: Giuoco Pianissimo	1. e4 e5 2. Nf3 Nc6 3. Bc4 Bc5 4. Nc3 Nf6 5. O-O O-O 6. d3	3816373	48.85	4.95	46.2
C50	Italian Game: Giuoco Pianissimo, Canal Variation	1. e4 e5 2. Nf3 Nc6 3. Bc4 Bc5 4. d3 Nf6 5. Nc3 d6 6. Bg5	2940002	51.51	3.83	44.66
C50	Italian Game: Giuoco Pianissimo, Dubois Variation	1. e4 e5 2. Nf3 Nc6 3. Bc4 Bc5 4. d3 f5 5. Ng5 f4	86563	27.0	1.46	71.53
C50	Italian Game: Giuoco Pianissimo, Italian Four Knights Variation	1. e4 e5 2. Nf3 Nc6 3. Bc4 Bc5 4. d3 Nf6 5. Nc3	3234793	51.29	4.04	44.66
C50	Italian Game: Giuoco Pianissimo, Normal	1. e4 e5 2. Nf3 Nc6 3. Bc4 Nf6 4. d3 Bc5	16779199	50.46	3.78	45.77
C50	Italian Game: Giuoco Piano	1. e4 e5 2. Nf3 Nc6 3. Bc4 Bc5	101156348	49.6	3.76	46.64
C50	Italian Game: Hungarian Defense	1. e4 e5 2. Nf3 Nc6 3. Bc4 Be7	9705015	48.24	4.35	47.41
C50	Italian Game: Hungarian Defense, Tartakower Variation	1. e4 e5 2. Nf3 Nc6 3. Bc4 Be7 4. d4 exd4 5. c3 Nf6 6. e5 Ne4	93541	49.63	4.08	46.29
C50	Italian Game: Jerome Gambit	1. e4 e5 2. Nf3 Nc6 3. Bc4 Bc5 4. Bxf7+	1030579	48.56	2.97	48.47
C50	Italian Game: Paris Defense	1. e4 e5 2. Nf3 Nc6 3. Bc4 d6	23517906	50.98	3.85	45.17
C50	Italian Game: Rosentreter Gambit	1. e4 e5 2. Nf3 Nc6 3. Bc4 Bc5 4. d4	4591608	51.79	3.01	45.2
C50	Italian Game: Rousseau Gambit	1. e4 e5 2. Nf3 Nc6 3. Bc4 f5	6337795	45.9	2.78	51.32
C51	Italian Game: Evans Gambit	1. e4 e5 2. Nf3 Nc6 3. Bc4 Bc5 4. b4	8233157	52.83	2.9	44.27
C51	Italian Game: Evans Gambit	1. e4 e5 2. Nf3 Nc6 3. Bc4 Bc5 4. b4 Bxb4 5. c3 Bc5 6. d4 exd4 7. O-O d6 8. cxd4 Bb6 9. Nc3 Bg4	23927	46.58	3.08	50.34
C51	Italian Game: Evans Gambit Accepted	1. e4 e5 2. Nf3 Nc6 3. Bc4 Bc5 4. b4 Bxb4	6020239	53.02	2.91	44.07
C51	Italian Game: Evans Gambit Declined	1. e4 e5 2. Nf3 Nc6 3. Bc4 Bc5 4. b4 Bb6	1204276	46.99	3.04	49.98
C51	Italian Game: Evans Gambit Declined	1. e4 e5 2. Nf3 Nc6 3. Bc4 Bc5 4. b4 Bb6 5. a4	246030	48.74	3.12	48.14
C51	Italian Game: Evans Gambit Declined, Cordel Variation	1. e4 e5 2. Nf3 Nc6 3. Bc4 Bc5 4. b4 Bb6 5. Bb2	21028	45.14	3.13	51.74
C51	Italian Game: Evans Gambit Declined, Hicken Variation	1. e4 e5 2. Nf3 Nc6 3. Bc4 Bc5 4. b4 Bb6 5. b5 Na5 6. Nxe5 Qg5 7. Qf3 Qxe5 8. Qxf7+ Kd8 9. Bb2	12	66.67	0.0	33.33
C51	Italian Game: Evans Gambit Declined, Hirschbach Variation	1. e4 e5 2. Nf3 Nc6 3. Bc4 Bc5 4. b4 Bb6 5. b5 Na5 6. Nxe5 Qg5	427	42.15	2.34	55.5
C51	Italian Game: Evans Gambit Declined, Lange Variation	1. e4 e5 2. Nf3 Nc6 3. Bc4 Bc5 4. b4 Bb6 5. b5 Na5 6. Nxe5 Nh6	4117	39.11	3.13	57.76
C51	Italian Game: Evans Gambit Declined, Pavlov Variation	1. e4 e5 2. Nf3 Nc6 3. Bc4 Bc5 4. b4 Bb6 5. b5 Na5 6. Nxe5 Nh6 7. d4 d6 8. Bxh6 dxe5 9. Bxg7 Rg8 10. Bxf7+ Kxf7 11. Bxe5 Qg5 12. Nd2	14	64.29	0.0	35.71
C51	Italian Game: Evans Gambit Declined, Showalter Variation	1. e4 e5 2. Nf3 Nc6 3. Bc4 Bc5 4. b4 Bb6 5. a4 a6 6. Nc3	21409	47.83	4.01	48.16
C51	Italian Game: Evans Gambit Declined, Vasquez Variation	1. e4 e5 2. Nf3 Nc6 3. Bc4 Bc5 4. b4 Bb6 5. b5 Na5 6. Nxe5 Qg5 7. Bxf7+ Ke7 8. Qh5	14	28.57	0.0	71.43
C51	Italian Game: Evans Gambit, Anderssen Variation	1. e4 e5 2. Nf3 Nc6 3. Bc4 Bc5 4. b4 Bxb4 5. c3 Be7	1045206	49.51	3.48	47.01
C51	Italian Game: Evans Gambit, Anderssen Variation, Cordel Line	1. e4 e5 2. Nf3 Nc6 3. Bc4 Bc5 4. b4 Bxb4 5. c3 Be7 6. d4 Na5	129868	43.41	4.67	51.92
C51	Italian Game: Evans Gambit, Fraser-Mortimer Attack	1. e4 e5 2. Nf3 Nc6 3. Bc4 Bc5 4. b4 Bxb4 5. c3 Bc5 6. d4 exd4 7. O-O d6 8. cxd4 Bb6 9. Nc3 Bg4 10. Qa4 Bd7 11. Qb3 Na5 12. Bxf7+ Kf8 13. Qc2	1	100.0	0.0	0.0
C51	Italian Game: Evans Gambit, Göring Attack	1. e4 e5 2. Nf3 Nc6 3. Bc4 Bc5 4. b4 Bxb4 5. c3 Bc5 6. d4 exd4 7. O-O d6 8. cxd4 Bb6 9. Nc3 Na5 10. Bg5	63	60.32	7.94	31.75
C51	Italian Game: Evans Gambit, Harding Variation	1. e4 e5 2. Nf3 Nc6 3. Bc4 Bc5 4. b4 Bxb4 5. c3 Bc5 6. d4 exd4 7. cxd4 Bb4+ 8. Bd2	489057	52.65	3.64	43.7
C51	Italian Game: Evans Gambit, Mayet Defense	1. e4 e5 2. Nf3 Nc6 3. Bc4 Bc5 4. b4 Bxb4 5. c3 Bf8	21432	57.18	2.87	39.95
C51	Italian Game: Evans Gambit, McDonnell Defense	1. e4 e5 2. Nf3 Nc6 3. Bc4 Bc5 4. b4 Bxb4 5. c3 Bc5	2414370	56.72	2.8	40.48
C51	Italian Game: Evans Gambit, McDonnell Defense, Main Line	1. e4 e5 2. Nf3 Nc6 3. Bc4 Bc5 4. b4 Bxb4 5. c3 Bc5 6. d4 exd4 7. O-O d6 8. cxd4 Bb6	187867	48.33	2.83	48.84
C51	Italian Game: Evans Gambit, Morphy Attack	1. e4 e5 2. Nf3 Nc6 3. Bc4 Bc5 4. b4 Bxb4 5. c3 Ba5 6. d4 exd4 7. O-O d6 8. cxd4 Bb6 9. Nc3	47878	49.75	3.02	47.23
C51	Italian Game: Evans Gambit, Mortimer-Evans Gambit	1. e4 e5 2. Nf3 Nc6 3. Bc4 Bc5 4. b4 Bxb4 5. c3 Bc5 6. d4 exd4 7. O-O d6 8. cxd4 Bb6 9. Nc3 Bg4 10. Qa4 Bd7 11. Qb3 Na5 12. Bxf7+ Kf8 13. Qc2 Kxf7	1	100.0	0.0	0.0
C51	Italian Game: Evans Gambit, Paulsen Variation	1. e4 e5 2. Nf3 Nc6 3. Bc4 Bc5 4. b4 Bxb4 5. c3 Bc5 6. d4 exd4 7. O-O d6 8. cxd4 Bb6 9. d5 Na5 10. Bb2 Ne7	21	33.33	4.76	61.9
C51	Italian Game: Evans Gambit, Steinitz Variation	1. e4 e5 2. Nf3 Nc6 3. Bc4 Bc5 4. b4 Bxb4 5. c3 Bc5 6. d4 exd4 7. O-O d6 8. cxd4 Bb6 9. Nc3 Na5 10. Bg5 f6 11. Be3	3	100.0	0.0	0.0
C51	Italian Game: Evans Gambit, Stone-Ware Variation	1. e4 e5 2. Nf3 Nc6 3. Bc4 Bc5 4. b4 Bxb4 5. c3 Bd6	261529	49.85	3.16	46.99
C51	Italian Game: Evans Gambit, Ulvestad Variation	1. e4 e5 2. Nf3 Nc6 3. Bc4 Bc5 4. b4 Bxb4 5. c3 Bc5 6. d4 exd4 7. O-O d6 8. cxd4 Bb6 9. d5 Na5 10. Bb2	168	51.79	2.98	45.24
C52	Italian Game: Evans Gambit	1. e4 e5 2. Nf3 Nc6 3. Bc4 Bc5 4. b4 Bxb4 5. c3 Ba5 6. O-O d6	91099	47.2	2.88	49.91
C52	Italian Game: Evans Gambit, Alapin-Steinitz Variation	1. e4 e5 2. Nf3 Nc6 3. Bc4 Bc5 4. b4 Bxb4 5. c3 Ba5 6. O-O d6 7. d4 Bg4	37329	42.74	3.1	54.16
C52	Italian Game: Evans Gambit, Anderssen Defense	1. e4 e5 2. Nf3 Nc6 3. Bc4 Bc5 4. b4 Bxb4 5. c3 Ba5 6. O-O Nf6 7. d4 exd4	127781	48.27	2.38	49.35
C52	Italian Game: Evans Gambit, Bronstein Defense	1. e4 e5 2. Nf3 Nc6 3. Bc4 Bc5 4. b4 Bxb4 5. c3 Ba5 6. d4 d6	229888	47.34	3.66	49.0
C52	Italian Game: Evans Gambit, Compromised Defense	1. e4 e5 2. Nf3 Nc6 3. Bc4 Bc5 4. b4 Bxb4 5. c3 Ba5 6. d4 exd4 7. O-O dxc3	237993	58.15	2.31	39.54
C52	Italian Game: Evans Gambit, Compromised Defense, Main Line	1. e4 e5 2. Nf3 Nc6 3. Bc4 Bc5 4. b4 Bxb4 5. c3 Ba5 6. d4 exd4 7. O-O dxc3 8. Qb3 Qf6 9. e5 Qg6 10. Nxc3 Nge7 11. Ba3	3321	46.22	3.22	50.56
C52	Italian Game: Evans Gambit, Compromised Defense, Potter Variation	1. e4 e5 2. Nf3 Nc6 3. Bc4 Bc5 4. b4 Bxb4 5. c3 Ba5 6. d4 exd4 7. O-O dxc3 8. Qb3 Qf6 9. e5 Qg6 10. Nxc3 Nge7 11. Rd1	86	38.37	6.98	54.65
C52	Italian Game: Evans Gambit, Dufresne Defense	1. e4 e5 2. Nf3 Nc6 3. Bc4 Bc5 4. b4 Bxb4 5. c3 Ba5 6. d4 exd4 7. O-O d3	16634	48.81	2.63	48.56
C52	Italian Game: Evans Gambit, Laroche Variation	1. e4 e5 2. Nf3 Nc6 3. Bc4 Bc5 4. b4 Bxb4 5. c3 Ba5 6. d4 Nf6	25947	53.82	2.56	43.62
C52	Italian Game: Evans Gambit, Lasker Defense	1. e4 e5 2. Nf3 Nc6 3. Bc4 Bc5 4. b4 Bxb4 5. c3 Ba5 6. O-O d6 7. d4 Bb6	24892	39.99	4.07	55.94
C52	Italian Game: Evans Gambit, Leonhardt Countergambit	1. e4 e5 2. Nf3 Nc6 3. Bc4 Bc5 4. b4 Bxb4 5. c3 Ba5 6. d4 b5	9992	42.01	5.17	52.81
C52	Italian Game: Evans Gambit, Levenfish Variation	1. e4 e5 2. Nf3 Nc6 3. Bc4 Bc5 4. b4 Bxb4 5. c3 Ba5 6. d4 d6 7. Qb3 Qd7 8. dxe5 dxe5 9. O-O Bb6 10. Ba3 Na5 11. Nxe5	44	40.91	6.82	52.27
C52	Italian Game: Evans Gambit, Main Line	1. e4 e5 2. Nf3 Nc6 3. Bc4 Bc5 4. b4 Bxb4 5. c3 Ba5	2214385	51.12	2.74	46.14
C52	Italian Game: Evans Gambit, Mieses Defense	1. e4 e5 2. Nf3 Nc6 3. Bc4 Bc5 4. b4 Bxb4 5. c3 Ba5 6. d4 exd4 7. O-O Nge7	152566	54.41	2.71	42.89
C52	Italian Game: Evans Gambit, Pierce Defense	1. e4 e5 2. Nf3 Nc6 3. Bc4 Bc5 4. b4 Bxb4 5. c3 Ba5 6. d4 exd4	1191237	53.71	2.59	43.7
C52	Italian Game: Evans Gambit, Richardson Attack	1. e4 e5 2. Nf3 Nc6 3. Bc4 Bc5 4. b4 Bxb4 5. c3 Ba5 6. O-O Nf6 7. d4 O-O 8. Nxe5	461	48.81	3.69	47.51
C52	Italian Game: Evans Gambit, Sanders-Alapin Variation	1. e4 e5 2. Nf3 Nc6 3. Bc4 Bc5 4. b4 Bxb4 5. c3 Ba5 6. O-O d6 7. d4 Bd7	1439	47.12	2.36	50.52
C52	Italian Game: Evans Gambit, Tartakower Attack	1. e4 e5 2. Nf3 Nc6 3. Bc4 Bc5 4. b4 Bxb4 5. c3 Ba5 6. d4 d6 7. Qb3	83214	51.78	3.42	44.8
C52	Italian Game: Evans Gambit, Waller Attack	1. e4 e5 2. Nf3 Nc6 3. Bc4 Bc5 4. b4 Bxb4 5. c3 Ba5 6. d4 exd4 7. O-O d6 8. Qb3	72673	55.38	2.59	42.03
C53	Italian Game: Bird's Attack	1. e4 e5 2. Nf3 Nc6 3. Bc4 Bc5 4. c3 Nf6 5. b4	595086	47.2	3.34	49.46
C53	Italian Game: Classical Variation	1. e4 e5 2. Nf3 Nc6 3. Bc4 Bc5 4. c3	27971023	51.91	3.81	44.27
C53	Italian Game: Classical Variation, Center Holding Variation	1. e4 e5 2. Nf3 Nc6 3. Bc4 Bc5 4. c3 Qe7 5. d4 Bb6	30475	40.21	3.47	56.32
C53	Italian Game: Classical Variation, Closed Variation	1. e4 e5 2. Nf3 Nc6 3. Bc4 Bc5 4. c3 Qe7	241486	45.04	3.93	51.03
C53	Italian Game: Classical Variation, Eisinger Variation	1. e4 e5 2. Nf3 Nc6 3. Bc4 Bc5 4. c3 Qe7 5. d4 Bb6 6. d5 Nb8 7. d6	966	54.66	4.14	41.2
C53	Italian Game: Classical Variation, La Bourdonnais Variation	1. e4 e5 2. Nf3 Nc6 3. Bc4 Bc5 4. c3 d6 5. d4 exd4 6. cxd4 Bb6	2126475	48.07	3.58	48.36
C53	Italian Game: Classical Variation, Mestel Variation	1. e4 e5 2. Nf3 Nc6 3. Bc4 Bc5 4. c3 Qe7 5. d4 Bb6 6. Bg5	3429	39.28	3.65	57.07
C53	Italian Game: Classical Variation, Tarrasch Variation	1. e4 e5 2. Nf3 Nc6 3. Bc4 Bc5 4. c3 Qe7 5. d4 Bb6 6. O-O d6 7. a4 a6 8. h3 Nf6 9. Re1	473	47.15	4.65	48.2
C54	Italian Game: Classical Variation	1. e4 e5 2. Nf3 Nc6 3. Bc4 Bc5 4. c3 Nf6	16358581	51.82	3.96	44.23
C54	Italian Game: Classical Variation, Center Attack	1. e4 e5 2. Nf3 Nc6 3. Bc4 Bc5 4. c3 Nf6 5. d4	10000434	53.62	3.9	42.48
C54	Italian Game: Classical Variation, Ghulam-Kassim Variation	1. e4 e5 2. Nf3 Nc6 3. Bc4 Bc5 4. c3 Nf6 5. d4 exd4 6. e5 Ne4 7. Bd5 Nxf2 8. Kxf2 dxc3+ 9. Kg3	9061	55.1	3.32	41.57
C54	Italian Game: Classical Variation, Giuoco Pianissimo	1. e4 e5 2. Nf3 Nc6 3. Bc4 Bc5 4. c3 Nf6 5. d3	5253972	50.58	4.11	45.31
C54	Italian Game: Classical Variation, Giuoco Pianissimo	1. e4 e5 2. Nf3 Nc6 3. Bc4 Bc5 4. c3 Nf6 5. d3 d6	3588365	50.54	4.07	45.39
C54	Italian Game: Classical Variation, Giuoco Pianissimo	1. e4 e5 2. Nf3 Nc6 3. Bc4 Bc5 4. O-O Nf6 5. d3 h6 6. c3	1508774	50.15	4.0	45.85
C54	Italian Game: Classical Variation, Giuoco Pianissimo	1. e4 e5 2. Nf3 Nc6 3. Bc4 Bc5 4. O-O Nf6 5. d3 d6 6. c3	1023863	49.87	3.97	46.15
C54	Italian Game: Classical Variation, Giuoco Pianissimo	1. e4 e5 2. Nf3 Nc6 3. Bc4 Bc5 4. O-O Nf6 5. d3 d6 6. c3 a5	64684	48.21	5.29	46.5
C54	Italian Game: Classical Variation, Giuoco Pianissimo	1. e4 e5 2. Nf3 Nc6 3. Bc4 Bc5 4. O-O Nf6 5. d3 d6 6. c3 a6	267278	47.84	4.69	47.47
C54	Italian Game: Classical Variation, Giuoco Pianissimo	1. e4 e5 2. Nf3 Nc6 3. Bc4 Bc5 4. O-O Nf6 5. d3 d6 6. c3 Bb6	104067	45.98	4.49	49.53
C54	Italian Game: Classical Variation, Giuoco Pianissimo	1. e4 e5 2. Nf3 Nc6 3. Bc4 Bc5 4. O-O Nf6 5. d3 d6 6. c3 a6 7. a4	72430	47.75	5.13	47.12
C54	Italian Game: Classical Variation, Giuoco Pianissimo	1. e4 e5 2. Nf3 Nc6 3. Bc4 Bc5 4. O-O Nf6 5. d3 d6 6. c3 a6 7. a4 Ba7	50238	45.52	5.56	48.92
C54	Italian Game: Classical Variation, Giuoco Pianissimo	1. e4 e5 2. Nf3 Nc6 3. Bc4 Bc5 4. O-O Nf6 5. d3 d6 6. c3 a6 7. Re1	22088	48.21	4.44	47.35
C54	Italian Game: Classical Variation, Giuoco Pianissimo	1. e4 e5 2. Nf3 Nc6 3. Bc4 Bc5 4. O-O Nf6 5. d3 d6 6. c3 a6 7. Re1 Ba7	8004	45.8	5.23	48.96
C54	Italian Game: Classical Variation, Giuoco Pianissimo	1. e4 e5 2. Nf3 Nc6 3. Bc4 Bc5 4. O-O Nf6 5. d3 d6 6. c3 h6 7. Re1	208501	49.07	4.17	46.76
C54	Italian Game: Classical Variation, Giuoco Pianissimo	1. e4 e5 2. Nf3 Nc6 3. Bc4 Bc5 4. O-O Nf6 5. d3 d6 6. c3 h6 7. Nbd2	218817	51.09	3.97	44.93
C54	Italian Game: Classical Variation, Giuoco Pianissimo	1. e4 e5 2. Nf3 Nc6 3. Bc4 Bc5 4. O-O Nf6 5. d3 O-O 6. c3 d5	491600	50.05	3.98	45.97
C54	Italian Game: Classical Variation, Giuoco Pianissimo, Albin Variation	1. e4 e5 2. Nf3 Nc6 3. Bc4 Bc5 4. c3 Nf6 5. d3 d6 6. b4	392600	48.42	3.79	47.8
C54	Italian Game: Classical Variation, Giuoco Pianissimo, Main Line	1. e4 e5 2. Nf3 Nc6 3. Bc4 Bc5 4. c3 Nf6 5. d3 d6 6. O-O O-O 7. Re1 a6 8. Bb3 Ba7 9. h3	2377	48.89	7.87	43.25
C54	Italian Game: Classical Variation, Giuoco Pianissimo, with a4 a5	1. e4 e5 2. Nf3 Nc6 3. Bc4 Bc5 4. c3 Nf6 5. d3 d6 6. O-O O-O 7. a4 a5	58366	50.39	4.32	45.29
C54	Italian Game: Classical Variation, Giuoco Pianissimo, with a5	1. e4 e5 2. Nf3 Nc6 3. Bc4 Bc5 4. O-O Nf6 5. d3 a5 6. c3	4554	48.42	4.0	47.58
C54	Italian Game: Classical Variation, Giuoco Pianissimo, with a6	1. e4 e5 2. Nf3 Nc6 3. Bc4 Bc5 4. c3 Nf6 5. d3 a6	509482	50.2	4.23	45.57
C54	Italian Game: Classical Variation, Giuoco Pianissimo, with a6	1. e4 e5 2. Nf3 Nc6 3. Bc4 Bc5 4. c3 Nf6 5. d3 d6 6. Nbd2 a6	58510	50.86	4.94	44.2
C54	Italian Game: Classical Variation, Giuoco Pianissimo, with h6	1. e4 e5 2. Nf3 Nc6 3. Bc4 Bc5 4. O-O Nf6 5. d3 d6 6. c3 h6	352012	48.6	4.48	46.92
C54	Italian Game: Classical Variation, Greco Gambit, Anderssen Variation	1. e4 e5 2. Nf3 Nc6 3. Bc4 Bc5 4. c3 Nf6 5. d4 exd4 6. e5 d5 7. Bb5 Ne4 8. cxd4 Bb4+	252360	51.13	6.26	42.6
C54	Italian Game: Classical Variation, Greco Gambit, Dubov Italian	1. e4 e5 2. Nf3 Nc6 3. Bc4 Bc5 4. c3 Nf6 5. d4 exd4 6. b4	174227	52.99	3.05	43.96
C54	Italian Game: Classical Variation, Greco Gambit, Greco Variation	1. e4 e5 2. Nf3 Nc6 3. Bc4 Bc5 4. c3 Nf6 5. d4 exd4 6. cxd4 Bb4+ 7. Nc3 Nxe4 8. O-O Nxc3	595532	60.95	2.96	36.09
C54	Italian Game: Classical Variation, Greco Gambit, Main Line	1. e4 e5 2. Nf3 Nc6 3. Bc4 Bc5 4. c3 Nf6 5. d4 exd4 6. cxd4 Bb4+ 7. Nc3 Nxe4 8. O-O Bxc3	716163	45.94	4.79	49.27
C54	Italian Game: Classical Variation, Greco Gambit, Modern Line	1. e4 e5 2. Nf3 Nc6 3. Bc4 Bc5 4. c3 Nf6 5. d4 exd4 6. e5	2109523	55.32	3.91	40.77
C54	Italian Game: Classical Variation, Greco Gambit, Modern Line	1. e4 e5 2. Nf3 Nc6 3. Bc4 Bc5 4. c3 Nf6 5. d4 exd4 6. e5 d5	846076	45.79	5.3	48.92
C54	Italian Game: Classical Variation, Greco Gambit, Moeller-Bayonet Attack	1. e4 e5 2. Nf3 Nc6 3. Bc4 Bc5 4. c3 Nf6 5. d4 exd4 6. cxd4 Bb4+ 7. Nc3 Nxe4 8. O-O Bxc3 9. d5 Bf6 10. Re1 Ne7 11. Rxe4 d6 12. g4	2531	47.53	5.93	46.54
C54	Italian Game: Classical Variation, Greco Gambit, Moeller-Therkatz Attack	1. e4 e5 2. Nf3 Nc6 3. Bc4 Bc5 4. c3 Nf6 5. d4 exd4 6. cxd4 Bb4+ 7. Nc3 Nxe4 8. O-O Bxc3 9. d5	308625	50.45	5.3	44.25
C54	Italian Game: Classical Variation, Greco Gambit, Traditional Line	1. e4 e5 2. Nf3 Nc6 3. Bc4 Bc5 4. c3 Nf6 5. d4 exd4 6. cxd4	7331279	52.17	4.01	43.82
C54	Italian Game: Classical Variation, with d5	1. e4 e5 2. Nf3 Nc6 3. Bc4 Bc5 4. c3 Nf6 5. d3 d5	566877	52.03	3.46	44.51
C54	Italian Game: Giuoco Piano, Aitken Variation	1. e4 e5 2. Nf3 Nc6 3. Bc4 Bc5 4. c3 Nf6 5. d4 exd4 6. cxd4 Bb4+ 7. Nc3 Nxe4 8. O-O Nxc3 9. bxc3 Bxc3 10. Ba3	123041	71.1	2.48	26.42
C54	Italian Game: Giuoco Piano, Bernstein Variation	1. e4 e5 2. Nf3 Nc6 3. Bc4 Bc5 4. c3 Nf6 5. d4 exd4 6. cxd4 Bb4+ 7. Nc3 Nxe4 8. O-O Nxc3 9. bxc3 Bxc3 10. Qb3 d5	8756	58.59	4.04	37.37
C54	Italian Game: Giuoco Piano, Cracow Variation	1. e4 e5 2. Nf3 Nc6 3. Bc4 Bc5 4. c3 Nf6 5. d4 exd4 6. cxd4 Bb4+ 7. Kf1	31357	51.59	3.19	45.22
C54	Italian Game: Giuoco Piano, Greco's Attack	1. e4 e5 2. Nf3 Nc6 3. Bc4 Bc5 4. c3 Nf6 5. d4 exd4 6. cxd4 Bb4+ 7. Nc3	3067826	51.74	3.82	44.44
C54	Italian Game: Giuoco Piano, Holzhausen Attack	1. e4 e5 2. Nf3 Nc6 3. Bc4 Nf6 4. O-O Bc5 5. d4 Bxd4 6. Nxd4 Nxd4 7. Bg5 d6 8. f4 Qe7 9. fxe5 dxe5 10. Nc3	8546	37.54	4.77	57.69
C54	Italian Game: Giuoco Piano, Krause Variation	1. e4 e5 2. Nf3 Nc6 3. Bc4 Bc5 4. c3 Nf6 5. d4 exd4 6. cxd4 Bb4+ 7. Bd2 Nxe4 8. Bxb4 Nxb4 9. Bxf7+ Kxf7 10. Qb3+ d5 11. Ne5+ Kf6 12. f3	297	78.79	4.04	17.17
C54	Italian Game: Giuoco Piano, Rosentreter Variation	1. e4 e5 2. Nf3 Nc6 3. Bc4 Nf6 4. O-O Bc5 5. d4 Bxd4 6. Nxd4 Nxd4 7. Bg5 h6 8. Bh4 g5 9. f4	41839	72.76	2.82	24.42
C54	Italian Game: Giuoco Piano, Steinitz Variation	1. e4 e5 2. Nf3 Nc6 3. Bc4 Bc5 4. c3 Nf6 5. d4 exd4 6. cxd4 Bb4+ 7. Nc3 Nxe4 8. O-O Bxc3 9. bxc3 d5 10. Ba3	9748	53.39	4.61	42.01
C54	Italian Game: Giuoco Piano, Therkatz-Herzog Variation	1. e4 e5 2. Nf3 Nc6 3. Bc4 Bc5 4. c3 Nf6 5. d4 exd4 6. cxd4 Bb4+ 7. Nc3 Nxe4 8. O-O Bxc3 9. d5 Bf6 10. Re1 Ne7 11. Rxe4 d6 12. Bg5 Bxg5 13. Nxg5 O-O 14. Nxh7	10082	46.61	8.52	44.87
C55	Italian Game: Two Knights Defense	1. e4 e5 2. Nf3 Nc6 3. Bc4 Nf6	103572421	51.44	3.5	45.06
C55	Italian Game: Two Knights Defense	1. e4 e5 2. Nf3 Nc6 3. Bc4 Nf6 4. O-O Bc5 5. d4 Bxd4 6. Nxd4 Nxd4 7. Bg5 d6	64848	45.07	6.19	48.74
C55	Italian Game: Two Knights Defense	1. e4 e5 2. Nf3 Nc6 3. Bc4 Nf6 4. Nc3 Nxe4 5. Nxe4 d5	4237387	37.23	3.99	58.79
C55	Italian Game: Two Knights Defense, Modern Bishop's Opening	1. e4 e5 2. Nf3 Nc6 3. Bc4 Nf6 4. d3	33835419	50.93	3.88	45.19
C55	Italian Game: Two Knights Defense, Modern Bishop's Opening	1. e4 e5 2. Nf3 Nc6 3. Bc4 Nf6 4. d3 Be7	3905080	48.19	4.47	47.35
C55	Italian Game: Two Knights Defense, Modern Bishop's Opening	1. e4 e5 2. Nf3 Nc6 3. Bc4 Nf6 4. d3 h6 5. O-O d6	600140	48.8	4.23	46.97
C56	Italian Game: Scotch Gambit, Anderssen Attack	1. e4 e5 2. Nf3 Nc6 3. Bc4 Nf6 4. d4 exd4 5. O-O Nxe4 6. Re1 d5 7. Bxd5 Qxd5 8. Nc3	652420	47.27	7.27	45.46
C56	Italian Game: Scotch Gambit, Anderssen Attack, Main Line	1. e4 e5 2. Nf3 Nc6 3. Bc4 Nf6 4. d4 exd4 5. O-O Nxe4 6. Re1 d5 7. Bxd5 Qxd5 8. Nc3 Qa5 9. Nxe4 Be6 10. Bd2 Qd5 11. Bg5	6794	48.62	10.67	40.71
C56	Italian Game: Scotch Gambit, Canal Variation	1. e4 e5 2. Nf3 Nc6 3. d4 exd4 4. Bc4 Nf6 5. O-O Nxe4 6. Re1 d5 7. Nc3	29074	49.11	8.24	42.65
C56	Italian Game: Scotch Gambit, Double Gambit Accepted	1. e4 e5 2. Nf3 Nc6 3. Bc4 Nf6 4. d4 exd4 5. O-O Nxe4	1069697	47.63	6.05	46.32
C56	Italian Game: Scotch Gambit, Janowski Defense	1. e4 e5 2. Nf3 Nc6 3. d4 exd4 4. Bc4 Nf6 5. O-O d6	549963	49.98	4.7	45.32
C56	Italian Game: Scotch Gambit, Max Lange Attack	1. e4 e5 2. Nf3 Nc6 3. d4 exd4 4. Bc4 Nf6 5. O-O Bc5	1054262	58.0	2.8	39.2
C56	Italian Game: Scotch Gambit, Max Lange Attack	1. e4 e5 2. Nf3 Nc6 3. Bc4 Nf6 4. d4 exd4 5. e5 d5 6. Bb5 Ne4	1321677	46.52	4.98	48.5
C56	Italian Game: Scotch Gambit, Max Lange Attack Accepted	1. e4 e5 2. Nf3 Nc6 3. Bc4 Bc5 4. O-O Nf6 5. d4 exd4 6. e5 d5 7. exf6 dxc4 8. Re1+ Be6 9. fxg7	67252	55.16	2.75	42.08
C56	Italian Game: Scotch Gambit, Max Lange Attack, Long Variation	1. e4 e5 2. Nf3 Nc6 3. d4 exd4 4. Bc4 Nf6 5. O-O Bc5 6. e5 d5 7. exf6 dxc4 8. Re1+ Be6 9. Ng5 Qd5 10. Nc3 Qf5 11. Nce4	53008	49.67	4.77	45.56
C56	Italian Game: Scotch Gambit, Max Lange Attack, Spielmann Defense	1. e4 e5 2. Nf3 Nc6 3. d4 exd4 4. Bc4 Nf6 5. O-O Bc5 6. e5 Ng4	818470	60.56	2.5	36.94
C56	Italian Game: Scotch Gambit, Nakhmanson Gambit	1. e4 e5 2. Nf3 Nc6 3. Bc4 Nf6 4. d4 exd4 5. O-O Nxe4 6. Nc3	166327	52.41	4.76	42.83
C56	Italian Game: Scotch Gambit, de Riviere Defense	1. e4 e5 2. Nf3 Nc6 3. d4 exd4 4. Bc4 Nf6 5. O-O Be7	338813	52.38	3.78	43.84
C56	Italian Game: Scotch Invitation Declined	1. e4 e5 2. Nf3 Nc6 3. Bc4 Nf6 4. d4 d6	682189	53.12	4.47	42.41
C56	Italian Game: Two Knights Defense, Keidansky Variation	1. e4 e5 2. Nf3 Nc6 3. Bc4 Nf6 4. d4 exd4 5. e5 d5 6. Bb5 Ne4 7. Nxd4 Bc5 8. Nxc6 Bxf2+ 9. Kf1 Qh4	5363	35.73	3.75	60.53
C56	Italian Game: Two Knights Defense, Max Lange Attack	1. e4 e5 2. Nf3 Nc6 3. d4 exd4 4. Bc4 Nf6 5. O-O Bc5 6. e5	2255118	61.57	2.58	35.85
C56	Italian Game: Two Knights Defense, Max Lange Attack, Krause Variation	1. e4 e5 2. Nf3 Nc6 3. Bc4 Nf6 4. d4 exd4 5. O-O Bc5 6. e5 Ng4 7. c3	73915	62.45	2.37	35.18
C56	Italian Game: Two Knights Defense, Max Lange Attack, Loman Defense	1. e4 e5 2. Nf3 Nc6 3. d4 exd4 4. Bc4 Bc5 5. O-O Nf6 6. e5 d5 7. exf6 dxc4 8. Re1+ Be6 9. Ng5 g6	10023	38.48	3.58	57.94
C56	Italian Game: Two Knights Defense, Max Lange Attack, Rubinstein Variation	1. e4 e5 2. Nf3 Nc6 3. Bc4 Nf6 4. d4 exd4 5. O-O Bc5 6. e5 d5 7. exf6 dxc4 8. Re1+ Be6 9. Ng5 Qd5 10. Nc3 Qf5 11. Nce4 Bf8	2885	48.15	3.88	47.97
C56	Italian Game: Two Knights Defense, Open Variation	1. e4 e5 2. Nf3 Nc6 3. Bc4 Nf6 4. d4	7930496	52.98	3.46	43.57
C56	Italian Game: Two Knights Defense, Perreux Variation	1. e4 e5 2. Nf3 Nc6 3. Bc4 Nf6 4. d4 exd4 5. Ng5	989679	54.43	3.34	42.23
C56	Italian Game: Two Knights Defense, Yurdansky Attack	1. e4 e5 2. Nf3 Nc6 3. d4 exd4 4. Bc4 Nf6 5. O-O Nxe4 6. Re1 d5 7. Bxd5 Qxd5 8. Nc3 Qa5 9. Nxe4 Be6 10. Bg5 h6 11. Bh4 g5 12. Nf6+ Ke7 13. b4	689	62.7	4.79	32.51
C57	Italian Game: Two Knights Defense, Fegatello Attack, Leonhardt Variation	1. e4 e5 2. Nf3 Nc6 3. Bc4 Nf6 4. Ng5 d5 5. exd5 Nxd5 6. Nxf7 Kxf7 7. Qf3+ Ke6 8. Nc3 Nb4 9. Qe4 c6 10. a3 Na6 11. d4 Nc7	2286	42.83	3.76	53.41
C57	Italian Game: Two Knights Defense, Fried Liver Attack	1. e4 e5 2. Nf3 Nc6 3. Bc4 Nf6 4. Ng5 d5 5. exd5 Nxd5 6. Nxf7	5922614	68.73	2.56	28.71
C57	Italian Game: Two Knights Defense, Fritz Variation	1. e4 e5 2. Nf3 Nc6 3. Bc4 Nf6 4. Ng5 d5 5. exd5 Nd4	2647834	41.36	2.64	56.01
C57	Italian Game: Two Knights Defense, Fritz, Gruber Variation	1. e4 e5 2. Nf3 Nc6 3. Bc4 Nf6 4. Ng5 d5 5. exd5 Nd4 6. c3 b5 7. Bf1 Nxd5 8. Ne4	10996	52.49	4.55	42.96
C57	Italian Game: Two Knights Defense, Kloss Gambit	1. e4 e5 2. Nf3 Nc6 3. Bc4 Nf6 4. Ng5 d5 5. exd5 Nb4	101852	50.93	3.12	45.95
C57	Italian Game: Two Knights Defense, Knight Attack	1. e4 e5 2. Nf3 Nc6 3. Bc4 Nf6 4. Ng5	37388895	53.44	2.94	43.62
C57	Italian Game: Two Knights Defense, Knight Attack, Normal Variation	1. e4 e5 2. Nf3 Nc6 3. Bc4 Nf6 4. Ng5 d5	27662808	52.47	3.06	44.48
C57	Italian Game: Two Knights Defense, Lolli Attack	1. e4 e5 2. Nf3 Nc6 3. Bc4 Nf6 4. Ng5 d5 5. exd5 Nxd5 6. d4	521401	56.73	3.01	40.26
C57	Italian Game: Two Knights Defense, Pincus Variation	1. e4 e5 2. Nf3 Nc6 3. Bc4 Nf6 4. Ng5 d5 5. exd5 Nxd5 6. d4 Bb4+	10701	61.99	2.98	35.02
C57	Italian Game: Two Knights Defense, Ponziani-Steinitz Gambit	1. e4 e5 2. Nf3 Nc6 3. Bc4 Nf6 4. Ng5 Nxe4	1799803	45.34	2.63	52.02
C57	Italian Game: Two Knights Defense, Traxler Counterattack	1. e4 e5 2. Nf3 Nc6 3. Bc4 Nf6 4. Ng5 Bc5	4668245	49.28	2.48	48.24
C57	Italian Game: Two Knights Defense, Traxler Counterattack, Bishop Sacrifice Line	1. e4 e5 2. Nf3 Nc6 3. Bc4 Nf6 4. Ng5 Bc5 5. Bxf7+	1312406	53.43	2.57	44.0
C57	Italian Game: Two Knights Defense, Traxler Counterattack, King March Line	1. e4 e5 2. Nf3 Nc6 3. Bc4 Nf6 4. Ng5 Bc5 5. Nxf7 Bxf2+ 6. Kxf2 Nxe4+ 7. Ke3	351632	41.75	1.87	56.38
C57	Italian Game: Two Knights Defense, Traxler Counterattack, Knight Sacrifice Line	1. e4 e5 2. Nf3 Nc6 3. Bc4 Nf6 4. Ng5 Bc5 5. Nxf7	2992914	48.1	2.33	49.57
C57	Italian Game: Two Knights Defense, Traxler Variation, Trencianske-Teplice Gambit	1. e4 e5 2. Nf3 Nc6 3. Bc4 Nf6 4. Ng5 Bc5 5. Bxf7+ Ke7 6. d4	5603	46.35	2.61	51.04
C57	Italian Game: Two Knights Defense, Ulvestad Variation	1. e4 e5 2. Nf3 Nc6 3. Bc4 Nf6 4. Ng5 d5 5. exd5 b5	1114332	42.29	3.58	54.13
C57	Italian Game: Two Knights Defense, Ulvestad Variation, Kurkin Gambit	1. e4 e5 2. Nf3 Nc6 3. Bc4 Nf6 4. Ng5 d5 5. exd5 b5 6. Bf1 h6 7. Nxf7	2489	46.0	4.46	49.54
C58	Italian Game: Two Knights Defense	1. e4 e5 2. Nf3 Nc6 3. Bc4 Nf6 4. Ng5 d5 5. exd5 Na5 6. Bb5+ c6 7. dxc6 bxc6 8. Be2	1181116	48.8	3.68	47.52
C58	Italian Game: Two Knights Defense, Blackburne Variation	1. e4 e5 2. Nf3 Nc6 3. Bc4 Nf6 4. Ng5 d5 5. exd5 Na5 6. Bb5+ c6 7. dxc6 bxc6 8. Qf3 cxb5	144168	52.54	2.59	44.86
C58	Italian Game: Two Knights Defense, Colman Variation	1. e4 e5 2. Nf3 Nc6 3. Bc4 Nf6 4. Ng5 d5 5. exd5 Na5 6. Bb5+ c6 7. dxc6 bxc6 8. Qf3 Rb8	146676	46.44	3.19	50.37
C58	Italian Game: Two Knights Defense, Maróczy Variation	1. e4 e5 2. Nf3 Nc6 3. Bc4 Nf6 4. Ng5 d5 5. exd5 Na5 6. d3 h6 7. Nf3 e4 8. Qe2 Nxc4 9. dxc4 Be7	9258	43.57	4.21	52.21
C58	Italian Game: Two Knights Defense, Paoli Variation	1. e4 e5 2. Nf3 Nc6 3. Bc4 Nf6 4. Ng5 d5 5. exd5 Na5 6. Bb5+ c6 7. dxc6 bxc6 8. Qf3 Qc7 9. Bd3	4835	53.94	3.25	42.81
C58	Italian Game: Two Knights Defense, Polerio Defense	1. e4 e5 2. Nf3 Nc6 3. Bc4 Nf6 4. Ng5 d5 5. exd5 Na5	10916110	47.03	3.25	49.72
C58	Italian Game: Two Knights Defense, Polerio Defense, Bishop Check Line	1. e4 e5 2. Nf3 Nc6 3. Bc4 Nf6 4. Ng5 d5 5. exd5 Na5 6. Bb5+	8282529	48.05	3.24	48.71
C58	Italian Game: Two Knights Defense, Polerio Defense, Bogoljubow Variation	1. e4 e5 2. Nf3 Nc6 3. Bc4 Nf6 4. Ng5 d5 5. exd5 Na5 6. Bb5+ c6 7. dxc6 bxc6 8. Qf3	1700498	50.75	3.04	46.2
C58	Italian Game: Two Knights Defense, Polerio Defense, Kieseritzky Variation	1. e4 e5 2. Nf3 Nc6 3. Bc4 Nf6 4. Ng5 d5 5. exd5 Na5 6. d3	635550	49.36	3.82	46.82
C58	Italian Game: Two Knights Defense, Polerio Defense, Yankovich Variation	1. e4 e5 2. Nf3 Nc6 3. Bc4 Nf6 4. Ng5 d5 5. exd5 Na5 6. d3 h6 7. Nf3 e4 8. Qe2 Nxc4 9. dxc4 Bc5 10. Nfd2	3209	39.61	3.55	56.84
C59	Italian Game: Two Knights Defense, Knorre Variation	1. e4 e5 2. Nf3 Nc6 3. Bc4 Nf6 4. Ng5 d5 5. exd5 Na5 6. Bb5+ c6 7. dxc6 bxc6 8. Be2 h6 9. Nf3 e4 10. Ne5 Bd6 11. d4 Qc7 12. Bd2	595	46.72	4.87	48.4
C59	Italian Game: Two Knights Defense, Polerio Defense, Göring Variation	1. e4 e5 2. Nf3 Nc6 3. Bc4 Nf6 4. Ng5 d5 5. exd5 Na5 6. Bb5+ c6 7. dxc6 bxc6 8. Be2 h6 9. Nf3 e4 10. Ne5 Qc7	14334	44.37	4.39	51.24
C59	Italian Game: Two Knights Defense, Polerio Defense, Suhle Defense	1. e4 e5 2. Nf3 Nc6 3. Bc4 Nf6 4. Ng5 d5 5. exd5 Na5 6. Bb5+ c6 7. dxc6 bxc6 8. Be2 h6	754952	45.84	3.8	50.36
C59	Italian Game: Two Knights Defense, Steinitz Variation	1. e4 e5 2. Nf3 Nc6 3. Bc4 Nf6 4. Ng5 d5 5. exd5 Na5 6. Bb5+ c6 7. dxc6 bxc6 8. Be2 h6 9. Nh3	87735	49.36	4.19	46.45
C60	Ruy Lopez	1. e4 e5 2. Nf3 Nc6 3. Bb5	156973869	51.23	4.29	44.48
C60	Ruy Lopez: Alapin Defense, Alapin Gambit	1. e4 e5 2. Nf3 Nc6 3. Bb5 Bb4 4. c3 Ba5 5. Bxc6 dxc6	5656	53.91	3.98	42.11
C60	Ruy Lopez: Cozio Defense	1. e4 e5 2. Nf3 Nc6 3. Bb5 Nge7	8159994	50.59	4.13	45.28
C60	Ruy Lopez: Cozio Defense, Paulsen Variation	1. e4 e5 2. Nf3 Nc6 3. Bb5 Nge7 4. Nc3 g6	182867	50.01	4.22	45.77
C60	Ruy Lopez: Cozio Defense, Tartakower Gambit	1. e4 e5 2. Nf3 Nc6 3. Bb5 g6 4. d4 exd4 5. Nxd4 Bg7 6. Be3 Nge7 7. Nc3 O-O 8. Qd2 d5	1184	45.86	7.77	46.37
C60	Ruy Lopez: Fianchetto Defense, Kevitz Gambit	1. e4 e5 2. Nf3 Nc6 3. Bb5 g6 4. c3 f5	1798	53.17	3.39	43.44
C60	Ruy Lopez: Spanish Countergambit, Harding Gambit	1. e4 e5 2. Nf3 Nc6 3. Bb5 d5 4. Nxe5 Qg5 5. Nxc6	3684	51.52	3.39	45.09
C61	Ruy Lopez: Bird Variation	1. e4 e5 2. Nf3 Nc6 3. Bb5 Nd4	8444208	50.49	3.64	45.88
C62	Ruy Lopez: Steinitz Defense	1. e4 e5 2. Nf3 Nc6 3. Bb5 d6	32893907	51.74	4.58	43.67
C62	Ruy Lopez: Steinitz Defense	1. e4 e5 2. Nf3 Nc6 3. Bb5 d6 4. d4	7657818	54.06	4.85	41.1
C62	Ruy Lopez: Steinitz Defense, Nimzowitsch Attack	1. e4 e5 2. Nf3 Nc6 3. Bb5 d6 4. d4 Bd7 5. Nc3 Nf6 6. Bxc6	116063	52.72	5.75	41.53
C62	Ruy Lopez: Steinitz Defense, Semi-Duras Variation	1. e4 e5 2. Nf3 Nc6 3. Bb5 d6 4. d4 Bd7 5. c4	16050	54.95	4.29	40.76
C63	Ruy Lopez: Schliemann Defense	1. e4 e5 2. Nf3 Nc6 3. Bb5 f5	3229776	45.28	4.14	50.58
C63	Ruy Lopez: Schliemann Defense, Classical Variation	1. e4 e5 2. Nf3 Nc6 3. Bb5 f5 4. Nc3 fxe4 5. Nxe4 d5 6. Nxe5 dxe4 7. Nxc6 Qg5	29659	46.25	5.44	48.32
C63	Ruy Lopez: Schliemann Defense, Dyckhoff Variation	1. e4 e5 2. Nf3 Nc6 3. Bb5 f5 4. Nc3	387192	48.2	4.78	47.02
C63	Ruy Lopez: Schliemann Defense, Exchange Variation	1. e4 e5 2. Nf3 Nc6 3. Bb5 f5 4. Bxc6	852521	43.43	4.16	52.42
C63	Ruy Lopez: Schliemann Defense, Jaenisch Gambit Accepted	1. e4 e5 2. Nf3 Nc6 3. Bb5 f5 4. exf5	722960	43.22	3.57	53.21
C63	Ruy Lopez: Schliemann Defense, Möhring Variation	1. e4 e5 2. Nf3 Nc6 3. Bb5 f5 4. Nc3 fxe4 5. Nxe4 d5 6. Nxe5 dxe4 7. Nxc6 Qd5	11454	40.75	5.77	53.47
C63	Ruy Lopez: Schliemann Defense, Schönemann Attack	1. e4 e5 2. Nf3 Nc6 3. Bb5 f5 4. d4	173823	47.93	4.24	47.84
C63	Ruy Lopez: Schliemann Defense, Tartakower Variation	1. e4 e5 2. Nf3 Nc6 3. Bb5 f5 4. Nc3 fxe4 5. Nxe4 Nf6	133714	46.23	5.62	48.15
C64	Ruy Lopez: Classical Defense, Benelux Variation	1. e4 e5 2. Nf3 Nc6 3. Bb5 Nf6 4. O-O Bc5 5. c3 O-O 6. d4 Bb6	80793	43.42	5.2	51.38
C64	Ruy Lopez: Classical Defense, Boden Variation	1. e4 e5 2. Nf3 Nc6 3. Bb5 Bc5 4. c3 Qe7	49691	53.58	3.24	43.18
C64	Ruy Lopez: Classical Variation	1. e4 e5 2. Nf3 Nc6 3. Bb5 Bc5	19589151	49.91	3.73	46.36
C64	Ruy Lopez: Classical Variation, Central Variation	1. e4 e5 2. Nf3 Nc6 3. Bb5 Bc5 4. c3	3990268	53.05	3.45	43.5
C64	Ruy Lopez: Classical Variation, Charousek Variation	1. e4 e5 2. Nf3 Nc6 3. Bb5 Bc5 4. c3 Bb6	65376	50.35	3.47	46.18
C64	Ruy Lopez: Classical Variation, Cordel Gambit	1. e4 e5 2. Nf3 Nc6 3. Bb5 Bc5 4. c3 f5	52957	46.69	4.51	48.79
C64	Ruy Lopez: Classical Variation, Modern Main Line	1. e4 e5 2. Nf3 Nc6 3. Bb5 Nf6 4. O-O Bc5 5. c3 O-O 6. d4 Bb6 7. Bg5	22334	44.47	6.28	49.24
C65	Ruy Lopez: Berlin Defense	1. e4 e5 2. Nf3 Nc6 3. Bb5 Nf6	31824739	51.92	4.21	43.87
C65	Ruy Lopez: Berlin Defense, Anti-Berlin Variation	1. e4 e5 2. Nf3 Nc6 3. Bb5 Nf6 4. d3	6614184	51.03	4.09	44.89
C65	Ruy Lopez: Berlin Defense, Anti-Berlin Variation, Anderssen Variation	1. e4 e5 2. Nf3 Nc6 3. Bb5 Nf6 4. d3 d6 5. Bxc6+	147796	48.43	4.96	46.61
C65	Ruy Lopez: Berlin Defense, Anti-Berlin Variation, Kaufmann Variation	1. e4 e5 2. Nf3 Nc6 3. Bb5 Nf6 4. d3 Bc5 5. Be3	96777	49.2	4.41	46.39
C65	Ruy Lopez: Berlin Defense, Anti-Berlin Variation, Mortimer Trap	1. e4 e5 2. Nf3 Nc6 3. Bb5 Nf6 4. d3 Ne7 5. Nxe5 c6	48975	35.19	2.93	61.88
C65	Ruy Lopez: Berlin Defense, Beverwijk Variation	1. e4 e5 2. Nf3 Nc6 3. Bb5 Nf6 4. O-O Bc5	2803350	54.89	3.37	41.75
C65	Ruy Lopez: Classical Variation, Zukertort Gambit	1. e4 e5 2. Nf3 Nc6 3. Bb5 Nf6 4. O-O Bc5 5. c3	1512358	57.42	3.12	39.46
C65	Ruy Lopez: Halloween Attack	1. e4 e5 2. Nf3 Nc6 3. Bb5 Nf6 4. Nxe5	55500	35.77	2.98	61.25
C66	Ruy Lopez: Berlin Defense, Closed Bernstein Variation	1. e4 e5 2. Nf3 Nc6 3. Bb5 Nf6 4. O-O d6 5. d4 Bd7 6. Nc3 Be7 7. Bg5	9002	53.64	5.37	40.99
C66	Ruy Lopez: Berlin Defense, Closed Showalter Variation	1. e4 e5 2. Nf3 Nc6 3. Bb5 Nf6 4. O-O d6 5. d4 Bd7 6. Nc3 Be7 7. Bxc6	16098	56.83	6.38	36.79
C66	Ruy Lopez: Berlin Defense, Closed Wolf Variation	1. e4 e5 2. Nf3 Nc6 3. Bb5 Nf6 4. O-O d6 5. d4 Bd7 6. Nc3 exd4	168353	52.87	5.31	41.82
C66	Ruy Lopez: Berlin Defense, Hedgehog Variation	1. e4 e5 2. Nf3 Nc6 3. Bb5 Nf6 4. O-O d6 5. d4 Bd7 6. Nc3 Be7	82677	54.68	6.0	39.32
C66	Ruy Lopez: Berlin Defense, Improved Steinitz Defense	1. e4 e5 2. Nf3 Nc6 3. Bb5 Nf6 4. O-O d6	2345281	53.3	4.3	42.4
C67	Ruy Lopez: Berlin Defense, Berlin Wall	1. e4 e5 2. Nf3 Nc6 3. Bb5 Nf6 4. O-O Nxe4 5. d4 Nd6 6. Bxc6 dxc6 7. dxe5 Nf5 8. Qxd8+ Kxd8 9. Nc3 Bd7	12435	41.84	9.38	48.77
C67	Ruy Lopez: Berlin Defense, Cordel Variation	1. e4 e5 2. Nf3 Nc6 3. Bb5 Nf6 4. O-O Nxe4 5. d4 Be7 6. Qe2 Nd6 7. Bxc6 bxc6 8. dxe5 Nf5	630	47.46	11.59	40.95
C67	Ruy Lopez: Berlin Defense, Minckwitz Variation	1. e4 e5 2. Nf3 Nc6 3. Bb5 Nf6 4. O-O Nxe4 5. d4 Be7 6. dxe5	12311	46.75	6.27	46.98
C67	Ruy Lopez: Berlin Defense, Pillsbury Variation	1. e4 e5 2. Nf3 Nc6 3. Bb5 Nf6 4. O-O Nxe4 5. d4 Be7 6. Qe2 Nd6 7. Bxc6 bxc6 8. dxe5 Nb7 9. b3	30	56.67	6.67	36.67
C67	Ruy Lopez: Berlin Defense, Rio Gambit Accepted	1. e4 e5 2. Nf3 Nc6 3. Bb5 Nf6 4. O-O Nxe4	2817010	52.36	5.52	42.12
C67	Ruy Lopez: Berlin Defense, Rio de Janeiro Variation	1. e4 e5 2. Nf3 Nc6 3. Bb5 Nf6 4. O-O Nxe4 5. d4 Be7	32769	47.27	6.31	46.42
C67	Ruy Lopez: Berlin Defense, Rio de Janeiro Variation	1. e4 e5 2. Nf3 Nc6 3. Bb5 Nf6 4. O-O Nxe4 5. d4 Be7 6. Qe2 Nd6 7. Bxc6 bxc6 8. dxe5 Nb7 9. Nc3 O-O 10. Re1 Nc5 11. Nd4 Ne6 12. Be3 Nxd4 13. Bxd4 c5	5	60.0	20.0	20.0
C67	Ruy Lopez: Berlin Defense, Rosenthal Variation	1. e4 e5 2. Nf3 Nc6 3. Bb5 Nf6 4. O-O Nxe4 5. d4 a6	27200	61.1	3.72	35.18
C67	Ruy Lopez: Berlin Defense, Trifunovic Variation	1. e4 e5 2. Nf3 Nc6 3. Bb5 Nf6 4. O-O Nxe4 5. d4 Be7 6. Qe2 d5	249	68.67	2.41	28.92
C67	Ruy Lopez: Berlin Defense, Winawer Attack	1. e4 e5 2. Nf3 Nc6 3. Bb5 Nf6 4. O-O Nxe4 5. d4 Be7 6. Qe2 Nd6 7. Bxc6 bxc6 8. dxe5 Nb7 9. Nd4	27	59.26	7.41	33.33
C67	Ruy Lopez: Berlin Defense, Zukertort Variation	1. e4 e5 2. Nf3 Nc6 3. Bb5 Nf6 4. O-O Nxe4 5. d4 Be7 6. Qe2 Nd6 7. Bxc6 bxc6 8. dxe5 Nb7 9. c4	95	55.79	5.26	38.95
C67	Ruy Lopez: Berlin Defense, l'Hermet Variation	1. e4 e5 2. Nf3 Nc6 3. Bb5 Nf6 4. O-O Nxe4 5. d4 Nd6	528075	45.98	8.8	45.21
C67	Ruy Lopez: Berlin Defense, l'Hermet Variation, Berlin Wall Defense	1. e4 e5 2. Nf3 Nc6 3. Bb5 Nf6 4. O-O Nxe4 5. d4 Nd6 6. Bxc6 dxc6 7. dxe5 Nf5 8. Qxd8+ Kxd8	290052	45.52	9.78	44.7
C67	Ruy Lopez: Berlin Defense, l'Hermet Variation, Westerinen Line	1. e4 e5 2. Nf3 Nc6 3. Bb5 Nf6 4. O-O Nxe4 5. d4 Nd6 6. Bxc6 dxc6 7. dxe5 Ne4	4910	48.49	7.96	43.54
C67	Ruy Lopez: Open Berlin Defense, Showalter Variation	1. e4 e5 2. Nf3 Nc6 3. Bb5 Nf6 4. O-O Nxe4 5. d4 Nd6 6. Ba4	22856	46.46	4.6	48.94
C67	Ruy Lopez: Open Berlin Defense, l'Hermet Variation	1. e4 e5 2. Nf3 Nc6 3. Bb5 Nf6 4. O-O Nxe4 5. d4 Nd6 6. dxe5	74309	44.34	11.99	43.67
C68	Ruy Lopez: Exchange Variation	1. e4 e5 2. Nf3 Nc6 3. Bb5 a6 4. Bxc6	15865237	50.09	5.12	44.79
C68	Ruy Lopez: Exchange Variation, Alekhine Variation	1. e4 e5 2. Nf3 Nc6 3. Bb5 a6 4. Bxc6 dxc6 5. d4 exd4 6. Qxd4 Qxd4 7. Nxd4 Bd6	32413	45.56	9.06	45.38
C68	Ruy Lopez: Exchange Variation, Keres Variation	1. e4 e5 2. Nf3 Nc6 3. Bb5 a6 4. Bxc6 dxc6 5. Nc3	1171712	49.82	5.36	44.83
C68	Ruy Lopez: Exchange Variation, Lutikov Variation	1. e4 e5 2. Nf3 Nc6 3. Bb5 a6 4. Bxc6 bxc6	2983267	57.03	4.37	38.6
C68	Ruy Lopez: Exchange Variation, Romanovsky Variation	1. e4 e5 2. Nf3 Nc6 3. Bb5 a6 4. Bxc6 dxc6 5. Nc3 f6 6. d3	60142	46.39	4.94	48.66
C68	Ruy Lopez: Exchange, Alekhine Variation	1. e4 e5 2. Nf3 Nc6 3. Bb5 a6 4. Bxc6 dxc6 5. d4 exd4 6. Qxd4 Qxd4 7. Nxd4 Bd7	100811	42.42	10.69	46.88
C69	Ruy Lopez: Exchange Variation, Alapin Gambit	1. e4 e5 2. Nf3 Nc6 3. Bb5 a6 4. Bxc6 dxc6 5. O-O Bg4 6. h3 h5	307487	44.49	5.37	50.14
C69	Ruy Lopez: Exchange Variation, Bronstein Variation	1. e4 e5 2. Nf3 Nc6 3. Bb5 a6 4. Bxc6 dxc6 5. O-O Qd6	73277	46.12	5.6	48.28
C69	Ruy Lopez: Exchange Variation, Gligoric Variation	1. e4 e5 2. Nf3 Nc6 3. Bb5 a6 4. Bxc6 dxc6 5. O-O f6	583208	48.31	6.25	45.44
C69	Ruy Lopez: Exchange Variation, King's Bishop Variation	1. e4 e5 2. Nf3 Nc6 3. Bb5 a6 4. Bxc6 dxc6 5. O-O Bd6	1522152	54.09	4.74	41.17
C70	Ruy Lopez: Bird's Defense Deferred	1. e4 e5 2. Nf3 Nc6 3. Bb5 a6 4. Ba4 Nd4	74178	54.66	3.06	42.28
C70	Ruy Lopez: Morphy Defense	1. e4 e5 2. Nf3 Nc6 3. Bb5 a6	40250132	50.89	4.69	44.41
C70	Ruy Lopez: Morphy Defense, Caro Variation	1. e4 e5 2. Nf3 Nc6 3. Bb5 a6 4. Ba4 b5	6904248	54.77	3.71	41.51
C70	Ruy Lopez: Morphy Defense, Classical Defense Deferred	1. e4 e5 2. Nf3 Nc6 3. Bb5 a6 4. Ba4 Bc5	1320532	51.93	3.8	44.27
C70	Ruy Lopez: Morphy Defense, Cozio Defense	1. e4 e5 2. Nf3 Nc6 3. Bb5 a6 4. Ba4 Nge7	143975	48.03	5.14	46.82
C70	Ruy Lopez: Morphy Defense, Graz Variation	1. e4 e5 2. Nf3 Nc6 3. Bb5 a6 4. Ba4 b5 5. Bb3 Bc5	1205803	52.33	3.68	43.99
C70	Ruy Lopez: Morphy Defense, Norwegian Variation	1. e4 e5 2. Nf3 Nc6 3. Bb5 a6 4. Ba4 b5 5. Bb3 Na5	408362	53.5	4.11	42.39
C70	Ruy Lopez: Morphy Defense, Norwegian Variation, Nightingale Gambit	1. e4 e5 2. Nf3 Nc6 3. Bb5 a6 4. Ba4 b5 5. Bb3 Na5 6. Bxf7+	37473	57.8	2.5	39.69
C70	Ruy Lopez: Morphy Defense, Schliemann Defense Deferred	1. e4 e5 2. Nf3 Nc6 3. Bb5 a6 4. Ba4 f5	125942	46.72	4.55	48.73
C70	Ruy Lopez: Morphy Defense, Schliemann Defense Deferred, Jaenisch Gambit Deferred	1. e4 e5 2. Nf3 Nc6 3. Bb5 a6 4. Ba4 f5 5. exf5	29442	45.74	3.91	50.35
C71	Ruy Lopez: Morphy Defense, Modern Steinitz Defense	1. e4 e5 2. Nf3 Nc6 3. Bb5 a6 4. Ba4 d6	1714554	49.95	4.74	45.31
C71	Ruy Lopez: Morphy Defense, Modern Steinitz Defense	1. e4 e5 2. Nf3 Nc6 3. Bb5 a6 4. Ba4 d6 5. Nc3	63602	48.75	4.36	46.89
C71	Ruy Lopez: Noah's Ark Trap	1. e4 e5 2. Nf3 Nc6 3. Bb5 a6 4. Ba4 b5 5. Bb3 d6 6. d4 Nxd4 7. Nxd4 exd4 8. Qxd4 c5	82702	27.76	5.53	66.71
C73	Ruy Lopez: Morphy Defense, Modern Steinitz Defense	1. e4 e5 2. Nf3 Nc6 3. Bb5 a6 4. Ba4 d6 5. Bxc6+ bxc6 6. d4	32546	52.14	5.91	41.95
C73	Ruy Lopez: Morphy Defense, Modern Steinitz Defense	1. e4 e5 2. Nf3 Nc6 3. Bb5 a6 4. Ba4 d6 5. Bxc6+ bxc6 6. d4 f6	6129	44.69	5.5	49.81
C74	Ruy Lopez: Morphy Defense, Modern Steinitz Defense	1. e4 e5 2. Nf3 Nc6 3. Bb5 a6 4. Ba4 d6 5. c3	385895	52.41	4.55	43.03
C74	Ruy Lopez: Morphy Defense, Modern Steinitz Defense, Siesta Variation	1. e4 e5 2. Nf3 Nc6 3. Bb5 a6 4. Ba4 d6 5. c3 f5	49027	46.63	4.58	48.79
C75	Ruy Lopez: Morphy Defense, Modern Steinitz Defense	1. e4 e5 2. Nf3 Nc6 3. Bb5 a6 4. Ba4 d6 5. c3 Bd7	172223	52.36	4.69	42.95
C75	Ruy Lopez: Morphy Defense, Modern Steinitz Defense	1. e4 e5 2. Nf3 Nc6 3. Bb5 a6 4. Ba4 d6 5. c3 Bd7 6. d4 Nge7	5781	45.29	5.6	49.11
C76	Ruy Lopez: Morphy Defense, Modern Steinitz Defense, Fianchetto Variation	1. e4 e5 2. Nf3 Nc6 3. Bb5 g6 4. c3 a6 5. Ba4 d6 6. d4 Bd7	2920	46.95	5.51	47.53
C77	Ruy Lopez: Morphy Defense, Anderssen Variation	1. e4 e5 2. Nf3 Nc6 3. Bb5 a6 4. Ba4 Nf6 5. d3	2959682	50.66	4.73	44.61
C77	Ruy Lopez: Morphy Defense, Bayreuth Variation	1. e4 e5 2. Nf3 Nc6 3. Bb5 a6 4. Ba4 Nf6 5. Bxc6	123162	49.52	5.84	44.64
C77	Ruy Lopez: Morphy Defense, Duras Variation	1. e4 e5 2. Nf3 Nc6 3. Bb5 a6 4. Ba4 Nf6 5. d3 d6 6. c4	8163	47.46	6.32	46.22
C77	Ruy Lopez: Morphy Defense, Jaffe Gambit	1. e4 e5 2. Nf3 Nc6 3. Bb5 a6 4. Ba4 Nf6 5. c3	205372	49.86	3.68	46.46
C77	Ruy Lopez: Morphy Defense, Mackenzie Variation	1. e4 e5 2. Nf3 Nc6 3. Bb5 a6 4. Ba4 Nf6 5. d4	291896	55.88	4.7	39.42
C77	Ruy Lopez: Morphy Defense, Tarrasch Variation	1. e4 e5 2. Nf3 Nc6 3. Bb5 a6 4. Ba4 Nf6 5. Nc3	799273	47.76	4.57	47.67
C77	Ruy Lopez: Morphy Defense, Wormald Attack	1. e4 e5 2. Nf3 Nc6 3. Bb5 a6 4. Ba4 Nf6 5. Qe2	273947	53.14	4.68	42.18
C77	Ruy Lopez: Wormald Attack, Grünfeld Variation	1. e4 e5 2. Nf3 Nc6 3. Bb5 a6 4. Ba4 Nf6 5. Qe2 b5 6. Bb3 Be7 7. d4 d6 8. c3 Bg4	1135	45.64	5.73	48.63
C78	Ruy Lopez: Central Countergambit	1. e4 e5 2. Nf3 Nc6 3. Bb5 a6 4. Ba4 Nf6 5. O-O d5	45569	63.42	2.86	33.72
C78	Ruy Lopez: Morphy Defense	1. e4 e5 2. Nf3 Nc6 3. Bb5 a6 4. Ba4 Nf6 5. O-O b5 6. Bb3 d6	471910	53.66	4.25	42.09
C78	Ruy Lopez: Morphy Defense, Arkhangelsk Variation	1. e4 e5 2. Nf3 Nc6 3. Bb5 a6 4. Ba4 Nf6 5. O-O b5 6. Bb3 Bb7	223964	49.87	3.99	46.14
C78	Ruy Lopez: Morphy Defense, Møller Variation	1. e4 e5 2. Nf3 Nc6 3. Bb5 a6 4. Ba4 Nf6 5. O-O Bc5	921166	55.19	3.66	41.16
C78	Ruy Lopez: Morphy Defense, Neo-Arkhangelsk Variation	1. e4 e5 2. Nf3 Nc6 3. Bb5 a6 4. Ba4 Nf6 5. O-O b5 6. Bb3 Bc5	1345313	52.07	4.32	43.61
C78	Ruy Lopez: Morphy Defense, Wing Attack	1. e4 e5 2. Nf3 Nc6 3. Bb5 a6 4. Ba4 Nf6 5. O-O b5 6. Bb3 Be7 7. a4	30319	54.16	4.54	41.3
C78	Ruy Lopez: Rabinovich Variation	1. e4 e5 2. Nf3 Nc6 3. Bb5 a6 4. Ba4 Nf6 5. O-O b5 6. Bb3 d6 7. Ng5 d5 8. exd5 Nd4 9. Re1 Bc5 10. Rxe5+ Kf8	37	32.43	0.0	67.57
C79	Ruy Lopez: Morphy Defense, Steinitz Deferred	1. e4 e5 2. Nf3 Nc6 3. Bb5 a6 4. Ba4 Nf6 5. O-O d6	664512	52.94	4.66	42.4
C79	Ruy Lopez: Morphy Defense, Steinitz Deferred	1. e4 e5 2. Nf3 Nc6 3. Bb5 a6 4. Ba4 Nf6 5. O-O d6 6. Bxc6+ bxc6 7. d4 Nxe4	1777	57.01	4.5	38.49
C79	Ruy Lopez: Steinitz Defense Deferred, Boleslavsky Variation	1. e4 e5 2. Nf3 Nc6 3. Bb5 a6 4. Ba4 Nf6 5. O-O d6 6. Bxc6+ bxc6 7. d4 Nxe4 8. Re1 f5 9. dxe5 d5 10. Nc3	14	64.29	0.0	35.71
C79	Ruy Lopez: Steinitz Defense Deferred, Lipnitsky Variation	1. e4 e5 2. Nf3 Nc6 3. Bb5 a6 4. Ba4 Nf6 5. O-O d6 6. Bxc6+ bxc6 7. d4 Bg4	2902	63.44	5.96	30.6
C80	Ruy Lopez: Morphy Defense, Tartakower Variation	1. e4 e5 2. Nf3 Nc6 3. Bb5 a6 4. Ba4 Nf6 5. O-O Nxe4 6. Qe2	9054	50.61	5.06	44.33
C80	Ruy Lopez: Open	1. e4 e5 2. Nf3 Nc6 3. Bb5 a6 4. Ba4 Nf6 5. O-O Nxe4	782728	50.34	5.6	44.06
C80	Ruy Lopez: Open	1. e4 e5 2. Nf3 Nc6 3. Bb5 a6 4. Ba4 Nf6 5. O-O Nxe4 6. d4	329144	50.0	6.69	43.32
C80	Ruy Lopez: Open	1. e4 e5 2. Nf3 Nc6 3. Bb5 a6 4. Ba4 Nf6 5. O-O Nxe4 6. d4 b5 7. Bb3	216158	48.33	6.6	45.07
C80	Ruy Lopez: Open	1. e4 e5 2. Nf3 Nc6 3. Bb5 a6 4. Ba4 Nf6 5. O-O Nxe4 6. d4 b5 7. Bb3 d5 8. dxe5	189349	47.64	7.02	45.34
C80	Ruy Lopez: Open, Berger Variation	1. e4 e5 2. Nf3 Nc6 3. Bb5 a6 4. Ba4 Nf6 5. O-O Nxe4 6. d4 b5 7. Bb3 d5 8. a4 Nxd4 9. Nxd4 exd4 10. Nc3	3	66.67	0.0	33.33
C80	Ruy Lopez: Open, Bernstein Variation	1. e4 e5 2. Nf3 Nc6 3. Bb5 a6 4. Ba4 Nf6 5. O-O Nxe4 6. d4 b5 7. Bb3 d5 8. dxe5 Be6 9. Nbd2	47116	47.8	8.45	43.75
C80	Ruy Lopez: Open, Bernstein Variation, Luther Line	1. e4 e5 2. Nf3 Nc6 3. Bb5 a6 4. Ba4 Nf6 5. O-O Nxe4 6. d4 b5 7. Bb3 d5 8. dxe5 Be6 9. Nbd2 Bc5 10. Qe1	97	65.98	4.12	29.9
C80	Ruy Lopez: Open, Friess Attack	1. e4 e5 2. Nf3 Nc6 3. Bb5 a6 4. Ba4 Nf6 5. O-O Nxe4 6. d4 b5 7. Nxe5	333	54.65	5.71	39.64
C80	Ruy Lopez: Open, Karpov Gambit	1. e4 e5 2. Nf3 Nc6 3. Bb5 a6 4. Ba4 Nf6 5. O-O Nxe4 6. d4 b5 7. Bb3 d5 8. dxe5 Be6 9. Nbd2 Nc5 10. c3 d4 11. Ng5	985	50.15	6.9	42.94
C80	Ruy Lopez: Open, Knorre Variation	1. e4 e5 2. Nf3 Nc6 3. Bb5 a6 4. Ba4 Nf6 5. O-O Nxe4 6. Nc3	1325	45.36	3.25	51.4
C80	Ruy Lopez: Open, Main Line	1. e4 e5 2. Nf3 Nc6 3. Bb5 a6 4. Ba4 Nf6 5. O-O Nxe4 6. d4 b5 7. Bb3 d5 8. dxe5 Be6	183558	46.48	7.18	46.34
C80	Ruy Lopez: Open, Richter Variation	1. e4 e5 2. Nf3 Nc6 3. Bb5 a6 4. Ba4 Nf6 5. O-O Nxe4 6. d4 b5 7. d5	1969	47.64	4.42	47.94
C80	Ruy Lopez: Open, Riga Variation	1. e4 e5 2. Nf3 Nc6 3. Bb5 a6 4. Ba4 Nf6 5. O-O Nxe4 6. d4 exd4	64202	50.94	7.77	41.29
C80	Ruy Lopez: Open, Schlechter Defense	1. e4 e5 2. Nf3 Nc6 3. Bb5 a6 4. Ba4 Nf6 5. O-O Nxe4 6. d4 b5 7. Bb3 d5 8. a4 Nxd4	119	47.9	5.88	46.22
C80	Ruy Lopez: Open, Skipworth Gambit	1. e4 e5 2. Nf3 Nc6 3. Bb5 a6 4. Ba4 Nf6 5. O-O Nxe4 6. Re1 d5	57986	65.55	3.06	31.39
C80	Ruy Lopez: Open, Zukertort Variation	1. e4 e5 2. Nf3 Nc6 3. Bb5 a6 4. Ba4 Nf6 5. O-O Nxe4 6. d4 b5 7. Bb3 d5 8. dxe5 Ne7	184	48.37	6.52	45.11
C81	Ruy Lopez: Open, Howell Attack	1. e4 e5 2. Nf3 Nc6 3. Bb5 a6 4. Ba4 Nf6 5. O-O Nxe4 6. d4 b5 7. Bb3 d5 8. dxe5 Be6 9. Qe2	14856	50.88	8.21	40.91
C81	Ruy Lopez: Open, Howell Attack	1. e4 e5 2. Nf3 Nc6 3. Bb5 a6 4. Ba4 Nf6 5. O-O Nxe4 6. d4 b5 7. Bb3 d5 8. dxe5 Be6 9. Qe2 Be7 10. c4	81	41.98	3.7	54.32
C81	Ruy Lopez: Open, Howell Attack, Ekstrom Variation	1. e4 e5 2. Nf3 Nc6 3. Bb5 a6 4. Ba4 Nf6 5. O-O Nxe4 6. d4 b5 7. Bb3 d5 8. dxe5 Be6 9. Qe2 Be7 10. Rd1 O-O 11. c4 bxc4 12. Bxc4 Qd7	436	43.58	8.49	47.94
C82	Ruy Lopez: Open	1. e4 e5 2. Nf3 Nc6 3. Bb5 a6 4. Ba4 Nf6 5. O-O Nxe4 6. d4 b5 7. Bb3 d5 8. dxe5 Be6 9. c3	77616	46.25	7.05	46.7
C82	Ruy Lopez: Open, Berlin Variation	1. e4 e5 2. Nf3 Nc6 3. Bb5 a6 4. Ba4 Nf6 5. O-O Nxe4 6. d4 b5 7. Bb3 d5 8. dxe5 Be6 9. c3 Nc5	3161	52.36	6.14	41.51
C82	Ruy Lopez: Open, Dilworth Variation	1. e4 e5 2. Nf3 Nc6 3. Bb5 a6 4. Ba4 Nf6 5. O-O Nxe4 6. d4 b5 7. Bb3 d5 8. dxe5 Be6 9. c3 Bc5 10. Nbd2 O-O 11. Bc2 Nxf2	10444	36.39	5.66	57.95
C82	Ruy Lopez: Open, Italian Variation	1. e4 e5 2. Nf3 Nc6 3. Bb5 a6 4. Ba4 Nf6 5. O-O Nxe4 6. d4 b5 7. Bb3 d5 8. dxe5 Be6 9. c3 Bc5	47165	44.11	6.56	49.33
C82	Ruy Lopez: Open, Motzko Attack	1. e4 e5 2. Nf3 Nc6 3. Bb5 a6 4. Ba4 Nf6 5. O-O Nxe4 6. d4 b5 7. Bb3 d5 8. dxe5 Be6 9. c3 Bc5 10. Qd3	1455	54.98	9.07	35.95
C82	Ruy Lopez: Open, Motzko Attack, Nenarokov Variation	1. e4 e5 2. Nf3 Nc6 3. Bb5 a6 4. Ba4 Nf6 5. O-O Nxe4 6. d4 b5 7. Bb3 d5 8. dxe5 Be6 9. c3 Bc5 10. Qd3 Ne7	18	72.22	11.11	16.67
C82	Ruy Lopez: Open, St. Petersburg Variation	1. e4 e5 2. Nf3 Nc6 3. Bb5 a6 4. Ba4 Nf6 5. O-O Nxe4 6. d4 b5 7. Bb3 d5 8. dxe5 Be6 9. c3 Bc5 10. Nbd2	34736	42.83	6.62	50.56
C83	Ruy Lopez: Open, Breslau Variation	1. e4 e5 2. Nf3 Nc6 3. Bb5 a6 4. Ba4 Nf6 5. O-O Nxe4 6. d4 b5 7. Bb3 d5 8. dxe5 Be6 9. c3 Be7 10. Re1 O-O 11. Nd4 Nxe5	164	40.24	4.88	54.88
C83	Ruy Lopez: Open, Classical Defense	1. e4 e5 2. Nf3 Nc6 3. Bb5 a6 4. Ba4 Nf6 5. O-O Nxe4 6. d4 b5 7. Bb3 d5 8. dxe5 Be6 9. c3 Be7	26850	49.02	8.08	42.89
C83	Ruy Lopez: Open, Classical Defense	1. e4 e5 2. Nf3 Nc6 3. Bb5 a6 4. Ba4 Nf6 5. O-O Nxe4 6. d4 b5 7. Bb3 d5 8. dxe5 Be6 9. Nbd2 Nc5 10. c3 Be7	8303	47.99	10.26	41.74
C83	Ruy Lopez: Open, Classical Defense, Main Line	1. e4 e5 2. Nf3 Nc6 3. Bb5 a6 4. Ba4 Nf6 5. O-O Nxe4 6. d4 Be7 7. Re1 b5 8. Bb3 d5 9. dxe5 Be6 10. c3	3384	47.81	7.86	44.33
C83	Ruy Lopez: Open, Malkin Variation	1. e4 e5 2. Nf3 Nc6 3. Bb5 a6 4. Ba4 Nf6 5. O-O Nxe4 6. d4 b5 7. Bb3 d5 8. dxe5 Be6 9. c3 Be7 10. Nbd2 O-O 11. Qe2	750	47.2	7.2	45.6
C83	Ruy Lopez: Open, Tarrasch Trap	1. e4 e5 2. Nf3 Nc6 3. Bb5 a6 4. Ba4 Nf6 5. O-O Nxe4 6. d4 b5 7. Bb3 d5 8. dxe5 Be6 9. c3 Be7 10. Re1 O-O 11. Nd4 Qd7 12. Nxe6 fxe6 13. Rxe4	10	60.0	0.0	40.0
C84	Ruy Lopez: Closed	1. e4 e5 2. Nf3 Nc6 3. Bb5 a6 4. Ba4 Nf6 5. O-O Be7	3128928	48.09	5.38	46.53
C84	Ruy Lopez: Closed, Basque Gambit	1. e4 e5 2. Nf3 Nc6 3. Bb5 a6 4. Ba4 Nf6 5. O-O Be7 6. d4 exd4 7. e5 Ne4 8. c3	1243	44.65	5.63	49.72
C84	Ruy Lopez: Closed, Center Attack	1. e4 e5 2. Nf3 Nc6 3. Bb5 a6 4. Ba4 Nf6 5. O-O Be7 6. d4	106578	49.93	4.8	45.27
C84	Ruy Lopez: Closed, Center Attack, Basque Gambit	1. e4 e5 2. Nf3 Nc6 3. Bb5 a6 4. Ba4 Nf6 5. O-O Be7 6. d4 exd4 7. e5 Ne4 8. c3 dxc3	899	44.16	5.12	50.72
C84	Ruy Lopez: Closed, Martinez Variation	1. e4 e5 2. Nf3 Nc6 3. Bb5 a6 4. Ba4 Nf6 5. O-O Be7 6. d3	254708	50.18	5.76	44.06
C84	Ruy Lopez: Closed, Morphy Attack	1. e4 e5 2. Nf3 Nc6 3. Bb5 a6 4. Ba4 Nf6 5. O-O Be7 6. Nc3	57292	46.45	5.04	48.51
C85	Ruy Lopez: Closed, Delayed Exchange	1. e4 e5 2. Nf3 Nc6 3. Bb5 a6 4. Ba4 Nf6 5. O-O Be7 6. Bxc6	108136	51.74	6.0	42.27
C86	Ruy Lopez: Closed, Worrall Attack	1. e4 e5 2. Nf3 Nc6 3. Bb5 a6 4. Ba4 Nf6 5. O-O Be7 6. Qe2	29433	53.08	5.16	41.76
C86	Ruy Lopez: Closed, Worrall Attack, Castling Line	1. e4 e5 2. Nf3 Nc6 3. Bb5 a6 4. Ba4 Nf6 5. Qe2 Be7 6. O-O b5 7. Bb3 O-O 8. c3 d5 9. d3	10413	56.57	5.77	37.65
C86	Ruy Lopez: Closed, Worrall Attack, Delayed Castling Line	1. e4 e5 2. Nf3 Nc6 3. Bb5 a6 4. Ba4 Nf6 5. O-O Be7 6. Qe2 b5 7. Bb3 d6	22002	53.83	5.06	41.11
C87	Ruy Lopez: Closed, Averbakh Variation	1. e4 e5 2. Nf3 Nc6 3. Bb5 a6 4. Ba4 Nf6 5. O-O Be7 6. Re1 d6	129750	53.17	4.83	41.99
C88	Ruy Lopez: Closed	1. e4 e5 2. Nf3 Nc6 3. Bb5 a6 4. Ba4 Nf6 5. O-O Be7 6. Re1 b5 7. Bb3	2043952	46.77	5.56	47.68
C88	Ruy Lopez: Closed, Alekhine Gambit	1. e4 e5 2. Nf3 Nc6 3. Bb5 a6 4. Ba4 Nf6 5. O-O Be7 6. Re1 b5 7. Bb3 d6 8. c3 Na5 9. Bc2 c5 10. d4 Qc7 11. Nbd2 O-O 12. Nf1 Bg4 13. Ne3 Bxf3 14. Qxf3	24	37.5	12.5	50.0
C88	Ruy Lopez: Closed, Anti-Marshall	1. e4 e5 2. Nf3 Nc6 3. Bb5 a6 4. Ba4 Nf6 5. O-O Be7 6. Re1 b5 7. Bb3 O-O 8. a4	239555	51.3	5.69	43.01
C88	Ruy Lopez: Closed, Balla Variation	1. e4 e5 2. Nf3 Nc6 3. Bb5 a6 4. Ba4 Nf6 5. O-O Be7 6. Re1 b5 7. Bb3 d6 8. c3 Na5 9. Bc2 c5 10. d4 Qc7 11. a4	2527	52.59	5.38	42.03
C88	Ruy Lopez: Closed, Rosen Attack	1. e4 e5 2. Nf3 Nc6 3. Bb5 a6 4. Ba4 Nf6 5. O-O Be7 6. Re1 b5 7. Bb3 d6 8. d4	44493	40.46	4.61	54.93
C88	Ruy Lopez: Closed, Trajkovic Counterattack	1. e4 e5 2. Nf3 Nc6 3. Bb5 a6 4. Ba4 Nf6 5. O-O Be7 6. Re1 b5 7. Bb3 Bb7	26105	46.18	4.24	49.58
C88	Ruy Lopez: Noah's Ark Trap	1. e4 e5 2. Nf3 Nc6 3. Bb5 a6 4. Ba4 Nf6 5. O-O Be7 6. Re1 b5 7. Bb3 d6 8. d4 Nxd4 9. Nxd4 exd4 10. Qxd4 c5	9805	21.7	3.3	74.99
C89	Ruy Lopez: Marshall Attack	1. e4 e5 2. Nf3 Nc6 3. Bb5 a6 4. Ba4 Nf6 5. O-O Be7 6. Re1 b5 7. Bb3 O-O 8. c3 d5	941625	41.79	4.92	53.29
C89	Ruy Lopez: Marshall Attack	1. e4 e5 2. Nf3 Nc6 3. Bb5 a6 4. Ba4 Nf6 5. O-O Be7 6. Re1 b5 7. Bb3 O-O 8. c3 d5 9. exd5 Nxd5 10. a4 Bb7	2908	43.81	7.22	48.97
C89	Ruy Lopez: Marshall Attack, Main Line	1. e4 e5 2. Nf3 Nc6 3. Bb5 a6 4. Ba4 Nf6 5. O-O Be7 6. Re1 b5 7. Bb3 O-O 8. c3 d5 9. exd5 Nxd5 10. Nxe5 Nxe5 11. Rxe5 c6 12. d4	295811	39.4	5.07	55.53
C89	Ruy Lopez: Marshall Attack, Main Line, Spassky Variation	1. e4 e5 2. Nf3 Nc6 3. Bb5 a6 4. Ba4 Nf6 5. O-O Be7 6. Re1 b5 7. Bb3 O-O 8. c3 d5 9. exd5 Nxd5 10. Nxe5 Nxe5 11. Rxe5 c6 12. d4 Bd6 13. Re1 Qh4 14. g3 Qh3 15. Be3 Bg4 16. Qd3 Rae8 17. Nd2 Re6 18. a4 Qh5	303	37.62	13.53	48.84
C89	Ruy Lopez: Marshall Attack, Modern Main Line	1. e4 e5 2. Nf3 Nc6 3. Bb5 a6 4. Ba4 Nf6 5. O-O Be7 6. Re1 b5 7. Bb3 O-O 8. c3 d5 9. exd5 Nxd5 10. Nxe5 Nxe5 11. Rxe5 c6 12. d4 Bd6 13. Re1 Qh4 14. g3 Qh3	246157	40.25	5.39	54.36
C89	Ruy Lopez: Marshall Attack, Modern Variation	1. e4 e5 2. Nf3 Nc6 3. Bb5 a6 4. Ba4 Nf6 5. O-O Be7 6. Re1 b5 7. Bb3 O-O 8. c3 d5 9. exd5 Nxd5 10. Nxe5 Nxe5 11. Rxe5 c6	433301	40.05	5.08	54.87
C89	Ruy Lopez: Marshall Attack, Original Marshall Attack	1. e4 e5 2. Nf3 Nc6 3. Bb5 a6 4. Ba4 Nf6 5. O-O Be7 6. Re1 b5 7. Bb3 O-O 8. c3 d5 9. exd5 Nxd5 10. Nxe5 Nxe5 11. Rxe5 Nf6	109181	34.22	3.19	62.59
C89	Ruy Lopez: Marshall Attack, Re3 Variation	1. e4 e5 2. Nf3 Nc6 3. Bb5 a6 4. Ba4 Nf6 5. O-O Be7 6. Re1 b5 7. Bb3 O-O 8. c3 d5 9. exd5 Nxd5 10. Nxe5 Nxe5 11. Rxe5 c6 12. Bxd5 cxd5 13. d4 Bd6 14. Re3	5520	47.59	7.74	44.67
C89	Ruy Lopez: Marshall Attack, Steiner Variation	1. e4 e5 2. Nf3 Nc6 3. Bb5 a6 4. Ba4 Nf6 5. O-O Be7 6. Re1 b5 7. Bb3 O-O 8. c3 d5 9. exd5 e4	61879	31.08	3.32	65.6
C90	Ruy Lopez: Closed, Lutikov Variation	1. e4 e5 2. Nf3 Nc6 3. Bb5 a6 4. Ba4 Nf6 5. O-O Be7 6. Re1 b5 7. Bb3 d6 8. c3 O-O 9. Bc2	4854	47.36	4.84	47.8
C90	Ruy Lopez: Closed, Pilnik Variation	1. e4 e5 2. Nf3 Nc6 3. Bb5 a6 4. Ba4 Nf6 5. O-O Be7 6. Re1 b5 7. Bb3 O-O 8. d3 d6 9. c3	56890	52.8	5.32	41.88
C90	Ruy Lopez: Closed, Suetin Variation	1. e4 e5 2. Nf3 Nc6 3. Bb5 a6 4. Ba4 Nf6 5. O-O Be7 6. Re1 b5 7. Bb3 d6 8. c3 O-O 9. a3	2162	50.28	4.58	45.14
C91	Ruy Lopez: Closed, Bogoljubow Variation	1. e4 e5 2. Nf3 Nc6 3. Bb5 a6 4. Ba4 Nf6 5. O-O Be7 6. Re1 b5 7. Bb3 d6 8. c3 O-O 9. d4 Bg4	185021	46.07	5.15	48.78
C91	Ruy Lopez: Closed, Yates Variation	1. e4 e5 2. Nf3 Nc6 3. Bb5 a6 4. Ba4 Nf6 5. O-O Be7 6. Re1 b5 7. Bb3 d6 8. c3 O-O 9. d4	299739	48.22	4.7	47.07
C92	Ruy Lopez: Closed	1. e4 e5 2. Nf3 Nc6 3. Bb5 a6 4. Ba4 Nf6 5. O-O Be7 6. Re1 b5 7. Bb3 d6 8. c3 O-O 9. h3	651338	49.7	5.84	44.45
C92	Ruy Lopez: Closed, Flohr System	1. e4 e5 2. Nf3 Nc6 3. Bb5 a6 4. Ba4 Nf6 5. O-O Be7 6. Re1 b5 7. Bb3 d6 8. c3 O-O 9. h3 Bb7	157352	50.76	5.64	43.61
C92	Ruy Lopez: Closed, Karpov Variation	1. e4 e5 2. Nf3 Nc6 3. Bb5 a6 4. Ba4 Nf6 5. O-O Be7 6. Re1 b5 7. Bb3 d6 8. c3 O-O 9. h3 Nd7	9649	48.78	6.07	45.14
C92	Ruy Lopez: Closed, Kholmov Variation	1. e4 e5 2. Nf3 Nc6 3. Bb5 a6 4. Ba4 Nf6 5. O-O Be7 6. Re1 b5 7. Bb3 d6 8. c3 O-O 9. h3 Be6	93471	56.03	4.74	39.23
C92	Ruy Lopez: Closed, Smyslov-Breyer-Zaitsev Hybrid	1. e4 e5 2. Nf3 Nc6 3. Bb5 a6 4. Ba4 Nf6 5. O-O Be7 6. Re1 b5 7. Bb3 d6 8. c3 O-O 9. h3 Bb7 10. d4 Re8 11. Nbd2 Bf8 12. a3 h6	1906	50.52	7.66	41.82
C92	Ruy Lopez: Closed, Zaitsev System	1. e4 e5 2. Nf3 Nc6 3. Bb5 a6 4. Ba4 Nf6 5. O-O Be7 6. Re1 b5 7. Bb3 d6 8. c3 O-O 9. h3 Re8	31974	51.84	5.61	42.54
C93	Ruy Lopez: Closed, Smyslov Defense	1. e4 e5 2. Nf3 Nc6 3. Bb5 a6 4. Ba4 Nf6 5. O-O Be7 6. Re1 b5 7. Bb3 d6 8. c3 O-O 9. h3 h6	73072	53.53	5.09	41.39
C94	Ruy Lopez: Closed, Breyer Defense	1. e4 e5 2. Nf3 Nc6 3. Bb5 a6 4. Ba4 Nf6 5. O-O Be7 6. Re1 b5 7. Bb3 d6 8. c3 O-O 9. h3 Nb8	165628	47.54	6.36	46.1
C94	Ruy Lopez: Closed, Breyer Defense, Quiet Variation	1. e4 e5 2. Nf3 Nc6 3. Bb5 a6 4. Ba4 Nf6 5. O-O Be7 6. Re1 b5 7. Bb3 d6 8. c3 O-O 9. h3 Nb8 10. d3	9319	50.17	5.78	44.05
C95	Ruy Lopez: Closed, Breyer	1. e4 e5 2. Nf3 Nc6 3. Bb5 a6 4. Ba4 Nf6 5. O-O Be7 6. Re1 b5 7. Bb3 d6 8. c3 O-O 9. h3 Nb8 10. d4	148347	47.33	6.38	46.29
C95	Ruy Lopez: Closed, Breyer Defense	1. e4 e5 2. Nf3 Nc6 3. Bb5 a6 4. Ba4 Nf6 5. O-O Be7 6. Re1 b5 7. Bb3 d6 8. c3 O-O 9. h3 Nb8 10. d4 Nbd7 11. Nbd2 Bb7 12. Bc2 c5	7777	50.25	5.53	44.22
C95	Ruy Lopez: Closed, Breyer Defense, Zaitsev Hybrid	1. e4 e5 2. Nf3 Nc6 3. Bb5 a6 4. Ba4 Nf6 5. O-O Be7 6. Re1 b5 7. Bb3 d6 8. c3 O-O 9. h3 Nb8 10. d4 Nbd7	144354	47.0	6.42	46.58
C96	Ruy Lopez: Closed, Borisenko Variation	1. e4 e5 2. Nf3 Nc6 3. Bb5 a6 4. Ba4 Nf6 5. O-O Be7 6. Re1 b5 7. Bb3 d6 8. c3 O-O 9. h3 Na5 10. Bc2 c5 11. d4 Nc6	33574	52.99	5.32	41.69
C96	Ruy Lopez: Closed, Chigorin Defense	1. e4 e5 2. Nf3 Nc6 3. Bb5 a6 4. Ba4 Nf6 5. O-O Be7 6. Re1 b5 7. Bb3 d6 8. c3 O-O 9. h3 Na5 10. Bc2	458114	49.83	5.45	44.72
C96	Ruy Lopez: Closed, Chigorin Defense	1. e4 e5 2. Nf3 Nc6 3. Bb5 a6 4. Ba4 Nf6 5. O-O Be7 6. Re1 b5 7. Bb3 d6 8. c3 O-O 9. h3 Na5 10. Bc2 c5	440786	49.52	5.52	44.96
C96	Ruy Lopez: Closed, Chigorin Defense, Gajewski Gambit	1. e4 e5 2. Nf3 Nc6 3. Bb5 a6 4. Ba4 Nf6 5. O-O Be7 6. Re1 b5 7. Bb3 d6 8. c3 O-O 9. h3 Na5 10. Bc2 d5	4155	41.93	6.5	51.58
C96	Ruy Lopez: Closed, Keres Defense	1. e4 e5 2. Nf3 Nc6 3. Bb5 a6 4. Ba4 Nf6 5. O-O Be7 6. Re1 b5 7. Bb3 d6 8. c3 O-O 9. h3 Na5 10. Bc2 c5 11. d4 Nd7	26979	45.44	6.72	47.84
C96	Ruy Lopez: Closed, Rossolimo Defense	1. e4 e5 2. Nf3 Nc6 3. Bb5 a6 4. Ba4 Nf6 5. O-O Be7 6. Re1 b5 7. Bb3 d6 8. c3 O-O 9. h3 Na5 10. Bc2 c6 11. d4 Qc7	1005	54.73	4.08	41.19
C97	Ruy Lopez: Closed, Chigorin Defense	1. e4 e5 2. Nf3 Nc6 3. Bb5 a6 4. Ba4 Nf6 5. O-O Be7 6. Re1 b5 7. Bb3 d6 8. c3 O-O 9. h3 Na5	466833	49.76	5.46	44.78
C97	Ruy Lopez: Closed, Chigorin Defense	1. e4 e5 2. Nf3 Nc6 3. Bb5 a6 4. Ba4 Nf6 5. O-O Be7 6. Re1 b5 7. Bb3 d6 8. c3 O-O 9. h3 Na5 10. Bc2 c5 11. d4 Qc7	211693	48.38	5.73	45.89
C97	Ruy Lopez: Closed, Chigorin, Yugoslav System	1. e4 e5 2. Nf3 Nc6 3. Bb5 a6 4. Ba4 Nf6 5. O-O Be7 6. Re1 b5 7. Bb3 d6 8. c3 O-O 9. h3 Na5 10. Bc2 c5 11. d4 Qc7 12. Nbd2 Bd7 13. Nf1 Rfe8 14. Ne3 g6	139	55.4	9.35	35.25
C98	Ruy Lopez: Closed, Chigorin Defense	1. e4 e5 2. Nf3 Nc6 3. Bb5 a6 4. Ba4 Nf6 5. O-O Be7 6. Re1 b5 7. Bb3 d6 8. c3 O-O 9. h3 Na5 10. Bc2 c5 11. d4 Qc7 12. Nbd2 Nc6	20563	47.6	6.37	46.03
C98	Ruy Lopez: Closed, Chigorin Defense	1. e4 e5 2. Nf3 Nc6 3. Bb5 a6 4. Ba4 Nf6 5. O-O Be7 6. Re1 b5 7. Bb3 d6 8. c3 O-O 9. h3 Na5 10. Bc2 c5 11. d4 Qc7 12. Nbd2 Nc6 13. dxc5	523	53.54	8.6	37.86
C99	Ruy Lopez: Closed, Chigorin Defense, Panov System	1. e4 e5 2. Nf3 Nc6 3. Bb5 a6 4. Ba4 Nf6 5. O-O Be7 6. Re1 b5 7. Bb3 d6 8. c3 O-O 9. h3 Na5 10. Bc2 c5 11. d4 Qc7 12. Nbd2 cxd4 13. cxd4	34730	45.34	6.4	48.26
